Objekt-ID,Nasjonalmuseet
O1131394,https://collections.vam.ac.uk/item/O1131394/
O80357,https://collections.vam.ac.uk/item/O80357/
O372052,https://collections.vam.ac.uk/item/O372052/
O55014,https://collections.vam.ac.uk/item/O55014/
O370241,https://collections.vam.ac.uk/item/O370241/
O55034,https://collections.vam.ac.uk/item/O55034/
O172510,https://collections.vam.ac.uk/item/O172510/
O80335,https://collections.vam.ac.uk/item/O80335/
O80333,https://collections.vam.ac.uk/item/O80333/
O80331,https://collections.vam.ac.uk/item/O80331/
O180087,https://collections.vam.ac.uk/item/O180087/
O119845,https://collections.vam.ac.uk/item/O119845/
O372364,https://collections.vam.ac.uk/item/O372364/
O145065,https://collections.vam.ac.uk/item/O145065/
O144553,https://collections.vam.ac.uk/item/O144553/
O227606,https://collections.vam.ac.uk/item/O227606/
O370347,https://collections.vam.ac.uk/item/O370347/
O371860,https://collections.vam.ac.uk/item/O371860/
O371861,https://collections.vam.ac.uk/item/O371861/
O125191,https://collections.vam.ac.uk/item/O125191/
O1249163,https://collections.vam.ac.uk/item/O1249163/
O70676,https://collections.vam.ac.uk/item/O70676/
O172502,https://collections.vam.ac.uk/item/O172502/
O182810,https://collections.vam.ac.uk/item/O182810/
O120410,https://collections.vam.ac.uk/item/O120410/
O109825,https://collections.vam.ac.uk/item/O109825/
O370419,https://collections.vam.ac.uk/item/O370419/
O372216,https://collections.vam.ac.uk/item/O372216/
O1170960,https://collections.vam.ac.uk/item/O1170960/
O1131697,https://collections.vam.ac.uk/item/O1131697/
O130651,https://collections.vam.ac.uk/item/O130651/
O117795,https://collections.vam.ac.uk/item/O117795/
O134634,https://collections.vam.ac.uk/item/O134634/
O118937,https://collections.vam.ac.uk/item/O118937/
O57988,https://collections.vam.ac.uk/item/O57988/
O132487,https://collections.vam.ac.uk/item/O132487/
O121399,https://collections.vam.ac.uk/item/O121399/
O135632,https://collections.vam.ac.uk/item/O135632/
O61756,https://collections.vam.ac.uk/item/O61756/
O126577,https://collections.vam.ac.uk/item/O126577/
O49200,https://collections.vam.ac.uk/item/O49200/
O131460,https://collections.vam.ac.uk/item/O131460/
O122243,https://collections.vam.ac.uk/item/O122243/
O1193952,https://collections.vam.ac.uk/item/O1193952/
O110757,https://collections.vam.ac.uk/item/O110757/
O371849,https://collections.vam.ac.uk/item/O371849/
O370684,https://collections.vam.ac.uk/item/O370684/
O109823,https://collections.vam.ac.uk/item/O109823/
O135636,https://collections.vam.ac.uk/item/O135636/
O117800,https://collections.vam.ac.uk/item/O117800/
O113729,https://collections.vam.ac.uk/item/O113729/
O74040,https://collections.vam.ac.uk/item/O74040/
O472030,https://collections.vam.ac.uk/item/O472030/
O121408,https://collections.vam.ac.uk/item/O121408/
O55021,https://collections.vam.ac.uk/item/O55021/
O121407,https://collections.vam.ac.uk/item/O121407/
O121404,https://collections.vam.ac.uk/item/O121404/
O130647,https://collections.vam.ac.uk/item/O130647/
O7882,https://collections.vam.ac.uk/item/O7882/
O1554551,https://collections.vam.ac.uk/item/O1554551/
O144294,https://collections.vam.ac.uk/item/O144294/
O498924,https://collections.vam.ac.uk/item/O498924/
O172546,https://collections.vam.ac.uk/item/O172546/
O372256,https://collections.vam.ac.uk/item/O372256/
O369598,https://collections.vam.ac.uk/item/O369598/
O172534,https://collections.vam.ac.uk/item/O172534/
O63945,https://collections.vam.ac.uk/item/O63945/
O371866,https://collections.vam.ac.uk/item/O371866/
O131304,https://collections.vam.ac.uk/item/O131304/
O108869,https://collections.vam.ac.uk/item/O108869/
O372257,https://collections.vam.ac.uk/item/O372257/
O120559,https://collections.vam.ac.uk/item/O120559/
O107438,https://collections.vam.ac.uk/item/O107438/
O119278,https://collections.vam.ac.uk/item/O119278/
O172498,https://collections.vam.ac.uk/item/O172498/
O1242902,https://collections.vam.ac.uk/item/O1242902/
O371718,https://collections.vam.ac.uk/item/O371718/
O371796,https://collections.vam.ac.uk/item/O371796/
O371898,https://collections.vam.ac.uk/item/O371898/
O369655,https://collections.vam.ac.uk/item/O369655/
O59260,https://collections.vam.ac.uk/item/O59260/
O132994,https://collections.vam.ac.uk/item/O132994/
O22884,https://collections.vam.ac.uk/item/O22884/
O181095,https://collections.vam.ac.uk/item/O181095/
O181067,https://collections.vam.ac.uk/item/O181067/
O372235,https://collections.vam.ac.uk/item/O372235/
O120411,https://collections.vam.ac.uk/item/O120411/
O372215,https://collections.vam.ac.uk/item/O372215/
O1597143,https://collections.vam.ac.uk/item/O1597143/
O53183,https://collections.vam.ac.uk/item/O53183/
O59246,https://collections.vam.ac.uk/item/O59246/
O368901,https://collections.vam.ac.uk/item/O368901/
O53099,https://collections.vam.ac.uk/item/O53099/
O171810,https://collections.vam.ac.uk/item/O171810/
O171808,https://collections.vam.ac.uk/item/O171808/
O119282,https://collections.vam.ac.uk/item/O119282/
O297215,https://collections.vam.ac.uk/item/O297215/
O53098,https://collections.vam.ac.uk/item/O53098/
O147463,https://collections.vam.ac.uk/item/O147463/
O34060,https://collections.vam.ac.uk/item/O34060/
O167151,https://collections.vam.ac.uk/item/O167151/
O371206,https://collections.vam.ac.uk/item/O371206/
O121254,https://collections.vam.ac.uk/item/O121254/
O66992,https://collections.vam.ac.uk/item/O66992/
O55022,https://collections.vam.ac.uk/item/O55022/
O370413,https://collections.vam.ac.uk/item/O370413/
O371929,https://collections.vam.ac.uk/item/O371929/
O181055,https://collections.vam.ac.uk/item/O181055/
O74821,https://collections.vam.ac.uk/item/O74821/
NMK.2007.0006,https://www.nasjonalmuseet.no/samlingen/objekt/NMK.2007.0006
NAMF.04260.062,https://www.nasjonalmuseet.no/samlingen/objekt/NAMF.04260.062
NAMF.04260.062,https://www.nasjonalmuseet.no/samlingen/objekt/NAMF.04260.062
NMK.2007.0006,https://www.nasjonalmuseet.no/samlingen/objekt/NMK.2007.0006
O1600551,https://collections.vam.ac.uk/item/O1600551/
O77299,https://collections.vam.ac.uk/item/O77299/
O113578,https://collections.vam.ac.uk/item/O113578/
O132471,https://collections.vam.ac.uk/item/O132471/
O181056,https://collections.vam.ac.uk/item/O181056/
O1540045,https://collections.vam.ac.uk/item/O1540045/
O130048,https://collections.vam.ac.uk/item/O130048/
O110056,https://collections.vam.ac.uk/item/O110056/
O114123,https://collections.vam.ac.uk/item/O114123/
O371752,https://collections.vam.ac.uk/item/O371752/
O137946,https://collections.vam.ac.uk/item/O137946/
O182284,https://collections.vam.ac.uk/item/O182284/
O130991,https://collections.vam.ac.uk/item/O130991/
O133325,https://collections.vam.ac.uk/item/O133325/
O1741693,https://collections.vam.ac.uk/item/O1741693/
O132470,https://collections.vam.ac.uk/item/O132470/
O1531465,https://collections.vam.ac.uk/item/O1531465/
O301121,https://collections.vam.ac.uk/item/O301121/
O80353,https://collections.vam.ac.uk/item/O80353/
O114110,https://collections.vam.ac.uk/item/O114110/
O224497,https://collections.vam.ac.uk/item/O224497/
O140827,https://collections.vam.ac.uk/item/O140827/
O1741698,https://collections.vam.ac.uk/item/O1741698/
O98698,https://collections.vam.ac.uk/item/O98698/
O371856,https://collections.vam.ac.uk/item/O371856/
O125998,https://collections.vam.ac.uk/item/O125998/
O371788,https://collections.vam.ac.uk/item/O371788/
O369128,https://collections.vam.ac.uk/item/O369128/
O371790,https://collections.vam.ac.uk/item/O371790/
O371789,https://collections.vam.ac.uk/item/O371789/
O371792,https://collections.vam.ac.uk/item/O371792/
O371791,https://collections.vam.ac.uk/item/O371791/
O1343127,https://collections.vam.ac.uk/item/O1343127/
O119271,https://collections.vam.ac.uk/item/O119271/
O61230,https://collections.vam.ac.uk/item/O61230/
O321659,https://collections.vam.ac.uk/item/O321659/
O130645,https://collections.vam.ac.uk/item/O130645/
O81290,https://collections.vam.ac.uk/item/O81290/
O371698,https://collections.vam.ac.uk/item/O371698/
O1655882,https://collections.vam.ac.uk/item/O1655882/
O21623,https://collections.vam.ac.uk/item/O21623/
O93886,https://collections.vam.ac.uk/item/O93886/
O235567,https://collections.vam.ac.uk/item/O235567/
O371742,https://collections.vam.ac.uk/item/O371742/
O1604206,https://collections.vam.ac.uk/item/O1604206/
O168535,https://collections.vam.ac.uk/item/O168535/
O61432,https://collections.vam.ac.uk/item/O61432/
O156956,https://collections.vam.ac.uk/item/O156956/
O171822,https://collections.vam.ac.uk/item/O171822/
O119275,https://collections.vam.ac.uk/item/O119275/
O171818,https://collections.vam.ac.uk/item/O171818/
O145062,https://collections.vam.ac.uk/item/O145062/
O301145,https://collections.vam.ac.uk/item/O301145/
O60660,https://collections.vam.ac.uk/item/O60660/
O372132,https://collections.vam.ac.uk/item/O372132/
O167600,https://collections.vam.ac.uk/item/O167600/
O371905,https://collections.vam.ac.uk/item/O371905/
O80343,https://collections.vam.ac.uk/item/O80343/
O80341,https://collections.vam.ac.uk/item/O80341/
O80340,https://collections.vam.ac.uk/item/O80340/
O80339,https://collections.vam.ac.uk/item/O80339/
O38134,https://collections.vam.ac.uk/item/O38134/
O371867,https://collections.vam.ac.uk/item/O371867/
O59056,https://collections.vam.ac.uk/item/O59056/
O372131,https://collections.vam.ac.uk/item/O372131/
O181071,https://collections.vam.ac.uk/item/O181071/
O181068,https://collections.vam.ac.uk/item/O181068/
O192559,https://collections.vam.ac.uk/item/O192559/
O109491,https://collections.vam.ac.uk/item/O109491/
O372100,https://collections.vam.ac.uk/item/O372100/
O81305,https://collections.vam.ac.uk/item/O81305/
O81304,https://collections.vam.ac.uk/item/O81304/
O81300,https://collections.vam.ac.uk/item/O81300/
O372163,https://collections.vam.ac.uk/item/O372163/
O371745,https://collections.vam.ac.uk/item/O371745/
O130133,https://collections.vam.ac.uk/item/O130133/
O80337,https://collections.vam.ac.uk/item/O80337/
O80336,https://collections.vam.ac.uk/item/O80336/
O80332,https://collections.vam.ac.uk/item/O80332/
O371857,https://collections.vam.ac.uk/item/O371857/
O372077,https://collections.vam.ac.uk/item/O372077/
O369669,https://collections.vam.ac.uk/item/O369669/
O304880,https://collections.vam.ac.uk/item/O304880/
O134548,https://collections.vam.ac.uk/item/O134548/
O372191,https://collections.vam.ac.uk/item/O372191/
O121394,https://collections.vam.ac.uk/item/O121394/
O301122,https://collections.vam.ac.uk/item/O301122/
O371730,https://collections.vam.ac.uk/item/O371730/
O304867,https://collections.vam.ac.uk/item/O304867/
O1656438,https://collections.vam.ac.uk/item/O1656438/
O186091,https://collections.vam.ac.uk/item/O186091/
O172448,https://collections.vam.ac.uk/item/O172448/
O145070,https://collections.vam.ac.uk/item/O145070/
O368894,https://collections.vam.ac.uk/item/O368894/
O370242,https://collections.vam.ac.uk/item/O370242/
O182890,https://collections.vam.ac.uk/item/O182890/
O372187,https://collections.vam.ac.uk/item/O372187/
O371976,https://collections.vam.ac.uk/item/O371976/
O302498,https://collections.vam.ac.uk/item/O302498/
O301116,https://collections.vam.ac.uk/item/O301116/
O80364,https://collections.vam.ac.uk/item/O80364/
O80359,https://collections.vam.ac.uk/item/O80359/
O80351,https://collections.vam.ac.uk/item/O80351/
O80350,https://collections.vam.ac.uk/item/O80350/
O80361,https://collections.vam.ac.uk/item/O80361/
O80356,https://collections.vam.ac.uk/item/O80356/
O80354,https://collections.vam.ac.uk/item/O80354/
O322002,https://collections.vam.ac.uk/item/O322002/
O144053,https://collections.vam.ac.uk/item/O144053/
O117801,https://collections.vam.ac.uk/item/O117801/
O1123933,https://collections.vam.ac.uk/item/O1123933/
O168946,https://collections.vam.ac.uk/item/O168946/
O114853,https://collections.vam.ac.uk/item/O114853/
O186042,https://collections.vam.ac.uk/item/O186042/
O368915,https://collections.vam.ac.uk/item/O368915/
O144055,https://collections.vam.ac.uk/item/O144055/
O372250,https://collections.vam.ac.uk/item/O372250/
O181568,https://collections.vam.ac.uk/item/O181568/
O122351,https://collections.vam.ac.uk/item/O122351/
O176165,https://collections.vam.ac.uk/item/O176165/
O176164,https://collections.vam.ac.uk/item/O176164/
O176163,https://collections.vam.ac.uk/item/O176163/
O176160,https://collections.vam.ac.uk/item/O176160/
O121411,https://collections.vam.ac.uk/item/O121411/
O181446,https://collections.vam.ac.uk/item/O181446/
O372199,https://collections.vam.ac.uk/item/O372199/
O1121874,https://collections.vam.ac.uk/item/O1121874/
O53177,https://collections.vam.ac.uk/item/O53177/
O372228,https://collections.vam.ac.uk/item/O372228/
O371695,https://collections.vam.ac.uk/item/O371695/
O168978,https://collections.vam.ac.uk/item/O168978/
O144122,https://collections.vam.ac.uk/item/O144122/
O137614,https://collections.vam.ac.uk/item/O137614/
O372138,https://collections.vam.ac.uk/item/O372138/
O8188,https://collections.vam.ac.uk/item/O8188/
