material,geometri_feature,p_value,effect_size_d,n_with,n_without,mean_with,mean_without,p_corrected,significant
Bøk,pca_l2_l1,0.7373346641341265,0.11181854950324518,21,72,0.4659131092678962,0.49044316622477546,278.71250304269984,False
Bøk,pca_l3_l1,0.31434098148023404,0.16227312173366412,21,72,0.32019581792212376,0.30014787312552393,118.82089099952847,False
Bøk,bbox_H,0.6426292224556597,0.2053112719110379,21,72,1.732761956296519,1.707156308941197,242.91384608823935,False
Bøk,bbox_W,0.3654229372622422,0.16054285857545658,21,72,1.108220253849815,1.1398588479160405,138.12987028512754,False
Bøk,bbox_D,0.6961544290934268,0.17886291730468554,21,72,0.893481788221271,0.9242250405304961,263.14637419731537,False
Bøk,aspect_H_W,0.29275448708901153,0.17800460482269356,21,72,1.6097629331683854,1.5508301835975127,110.66119611964636,False
Bøk,aspect_D_W,0.8147442573398838,0.07394681432085905,21,72,0.807910419919121,0.815363244013543,307.97332927447604,False
Bøk,compactness,0.5290733371626475,0.09614997665862444,21,72,0.44482418803350887,0.43704119903030114,199.98972144748075,False
Bøk,surface_ratio,0.4429324920657274,0.1625822414774614,21,72,0.5591289372758916,0.548859918259297,167.42848200084495,False
Bøk,symmetry_score,0.5534042413551887,0.07698297560856722,21,72,0.10072042834409305,0.10378770921956744,209.18680323226135,False
Bøk,h_dist_bottom,0.169528377767447,0.2659744450414727,21,72,0.23209635416666666,0.2616916232638889,64.08172679609497,False
Bøk,h_dist_mid,0.04768004630161456,0.43204706179429564,21,72,0.5127185639880952,0.4611477322048611,18.023057502010303,False
Bøk,h_dist_top,0.538118132324005,0.2553779712293172,21,72,0.2551850818452381,0.27716064453125,203.40865401847387,False
Bøk,curv_mean,0.027114484274299317,0.5911346644288513,21,72,0.10142108368305842,0.08494619010946126,10.249275055685143,False
Bøk,curv_std,0.5534042413551887,0.21326528776219966,21,72,0.06037718997333692,0.05825624783182318,209.18680323226135,False
Bøk,curv_skew,0.004586980012496274,0.6511714704250906,21,72,0.27488870781603786,0.6444510913210393,1.7338784447235915,False
Bøk,d2_bin_1,0.7547236761418759,0.09957314832430371,21,72,0.5006547619047618,0.5149826388888888,285.2855495816291,False
Bøk,d2_bin_2,0.07464802425607495,0.3168256937402157,21,72,1.1285,1.0809097222222224,28.21695316879633,False
Bøk,d2_bin_3,0.6230027929967004,0.0855712795492597,21,72,0.6979642857142855,0.7127569444444442,235.49505575275273,False
Bøk,d2_bin_4,0.4429273882118614,0.14399537701667314,21,72,0.1612857142857143,0.17818402777777778,167.4265527440836,False
Bøk,d2_bin_5,0.2947645441728377,0.07405452977277104,21,72,0.011595238095238098,0.013166666666666667,111.42099769733265,False
Mahogni,pca_l2_l1,0.2848746795592691,0.4471798248271385,6,87,0.3931335978813577,0.49123312270714387,107.68262887340371,False
Mahogni,pca_l3_l1,0.801326660270512,0.058214027692636006,6,87,0.311402847553435,0.304210827081399,302.90147758225356,False
Mahogni,bbox_H,0.000252766338462164,1.196765666438806,6,87,1.8525649030055,1.7033088035397714,0.09554567593869798,False
Mahogni,bbox_W,0.3611634070369906,0.27871129266712197,6,87,1.1840973649971938,1.129171013687562,136.51976785998247,False
Mahogni,bbox_D,0.6746672519479301,0.1891098161977432,6,87,0.9476904570420485,0.9151859509033347,255.02422123631757,False
Mahogni,aspect_H_W,0.6971666335251123,0.014164851161500612,6,87,1.568524640805638,1.5638350226519901,263.5289874724925,False
Mahogni,aspect_D_W,0.6524411261713686,0.1625808282957222,6,87,0.7983515877862083,0.8147375041443609,246.62274569277733,False
Mahogni,compactness,0.09333099571371153,0.7679452607824793,6,87,0.3806467624472014,0.44280912303680653,35.27911637978296,False
Mahogni,surface_ratio,0.21389239742612884,0.6512967664525405,6,87,0.5126955379032466,0.5538327421844097,80.8513262270767,False
Mahogni,symmetry_score,0.11410322242066569,0.6945797464414415,6,87,0.12898421645011068,0.10130964092338095,43.13101807501163,False
Mahogni,h_dist_bottom,0.724936851398913,0.056643250756643525,6,87,0.2609049479166667,0.25460219109195403,274.0261298287891,False
Mahogni,h_dist_mid,0.9004359266530804,0.10591135261744512,6,87,0.484619140625,0.47197714619252873,340.36478027486436,False
Mahogni,h_dist_top,0.6167607449073285,0.2201569175101605,6,87,0.2544759114583333,0.27342066271551724,233.13556157497015,False
Mahogni,curv_mean,0.11410322242066569,0.6159874554129496,6,87,0.10472628378397401,0.08755874416691486,43.13101807501163,False
Mahogni,curv_std,0.9696013941881222,0.16086317580216342,6,87,0.06023175594930302,0.05863195744408648,366.5093270031102,False
Mahogni,curv_skew,0.23191772166668545,0.5725519293452007,6,87,0.25702252133130554,0.5819655897846413,87.6648987900071,False
Mahogni,d2_bin_1,0.6445568176579822,0.3225177917586386,6,87,0.46833333333333327,0.5147413793103449,243.64247707471728,False
Mahogni,d2_bin_2,0.16876066039578108,0.4669431426855435,6,87,1.0260416666666667,1.0961810344827587,63.79152962960525,False
Mahogni,d2_bin_3,0.18634741099527707,0.5436466265435101,6,87,0.797333333333333,0.7033534482758618,70.43932135621473,False
Mahogni,d2_bin_4,0.247169326312496,0.09836209594274575,6,87,0.18516666666666667,0.17362356321839081,93.43000534612348,False
Mahogni,d2_bin_5,0.011791853624822789,0.5195327649719583,6,87,0.023125000000000003,0.012100574712643676,4.457320670183014,False
Eik,pca_l2_l1,0.8957077840238769,0.04431492438853754,22,71,0.49232593594078955,0.4826044038325674,338.57754236102545,False
Eik,pca_l3_l1,0.6095045011750302,0.14777089638311383,22,71,0.3186124148701203,0.30035613963746016,230.39270144416142,False
Eik,bbox_H,0.0850350351401995,0.3647380670098794,22,71,1.7476662042068845,1.7021774483583327,32.143243282995414,False
Eik,bbox_W,0.9531413557397354,0.02231786344048151,22,71,1.1293568540802594,1.1337550928314835,360.28743246961994,False
Eik,bbox_D,0.547717059235218,0.05369934469850257,22,71,0.9102365088506577,0.9194664405088442,207.0370483909124,False
Eik,aspect_H_W,0.59064471775335,0.004411745336812861,22,71,1.565252672208073,1.5637920567180197,223.26370331076632,False
Eik,aspect_D_W,0.4835348025197773,0.10411800223055205,22,71,0.8056690550130832,0.8161627208026593,182.77615535247583,False
Eik,compactness,0.36358394188092924,0.13001893829868352,22,71,0.4468335254628606,0.4363089678690483,137.43473003099126,False
Eik,surface_ratio,0.22058649862448065,0.26021816935864855,22,71,0.5637265660144255,0.547290666833039,83.38169648005369,False
Eik,symmetry_score,0.006074138061515398,0.6510296573258529,22,71,0.12289828157079824,0.09695889949967955,2.2960241872528204,False
Eik,h_dist_bottom,0.2121813868696324,0.3646486726545527,22,71,0.2240323153409091,0.2646071742957746,80.20456423672104,False
Eik,h_dist_mid,0.0779131971543925,0.4858576156689948,22,71,0.5170676491477273,0.45907377860915494,29.451188524360365,False
Eik,h_dist_top,0.5063755026188048,0.2024262997324101,22,71,0.25890003551136365,0.27631904709507044,191.40993998990822,False
Eik,curv_mean,0.005908933265226762,0.6552241599329347,22,71,0.10260757024412302,0.08434650563175676,2.233576774255716,False
Eik,curv_std,0.831757008729934,0.1096792334381963,22,71,0.05956790838851731,0.058477138715267066,314.40414929991505,False
Eik,curv_skew,0.07566164069956875,0.5754506392026042,22,71,0.3116707545958528,0.6382589413822939,28.60010018443699,False
Eik,d2_bin_1,0.9531408319693402,0.13858953743221383,22,71,0.4965227272727271,0.5164647887323944,360.2872344844106,False
Eik,d2_bin_2,0.544704822498302,0.1881066963601945,22,71,1.1132272727272727,1.0849718309859155,205.89842290435814,False
Eik,d2_bin_3,0.8849887417508729,0.1241907803919383,22,71,0.7258068181818179,0.7043380281690137,334.52574438182995,False
Eik,d2_bin_4,0.9315582559708041,0.24497472315544278,22,71,0.15242045454545458,0.18116901408450703,352.12902075696394,False
Eik,d2_bin_5,0.3779804457333884,0.04870953720329257,22,71,0.012022727272727273,0.013056338028169015,142.8766084872208,False
Kryssfiner,pca_l2_l1,1.0,0.007657341680707608,27,66,0.48371199083532634,0.4853918107614522,378.0,False
Kryssfiner,pca_l3_l1,0.2730433670316643,0.2512885497129166,27,66,0.2826426746511452,0.31368798220941513,103.21039273796912,False
Kryssfiner,bbox_H,0.00039686302542686245,0.6234765087960478,27,66,1.6577553892334562,1.7355130275256025,0.150014223611354,False
Kryssfiner,bbox_W,0.13968677555113124,0.39268305823925354,27,66,1.0777948000151731,1.15518186030896,52.80160115832761,False
Kryssfiner,bbox_D,0.9157415796104991,0.10350297894499665,27,66,0.9046576684487393,0.9224479306473705,346.15031709276866,False
Kryssfiner,aspect_H_W,0.8889325060764228,0.08836011955243109,27,66,1.5848983147915179,1.555644550245243,336.0164872968878,False
Kryssfiner,aspect_D_W,0.11640072349903459,0.30610252620288014,27,66,0.8355745594235502,0.8047236254975876,43.999473482635075,False
Kryssfiner,compactness,0.31587171047152396,0.2862098110066197,27,66,0.45524019740390137,0.4320725598330307,119.39950655823606,False
Kryssfiner,surface_ratio,0.443684009558607,0.20122492541366319,27,66,0.5601985644278573,0.5474887963319844,167.71255561315343,False
Kryssfiner,symmetry_score,0.7127378149649646,0.024778720267034465,27,66,0.10379574351527907,0.1028084694563981,269.4148940567566,False
Kryssfiner,h_dist_bottom,0.22291012548053468,0.3755911107505903,27,66,0.28466796875,0.24287553267045456,84.26002743164211,False
Kryssfiner,h_dist_mid,0.09711926249920774,0.47341860492982135,27,66,0.43268952546296297,0.4891986268939394,36.71108122470053,False
Kryssfiner,h_dist_top,0.21340890344160302,0.17102233942348602,27,66,0.28264250578703703,0.2679258404356061,80.66856550092594,False
Kryssfiner,curv_mean,0.9224600676784986,0.04591814754016651,27,66,0.08957452744958623,0.08829479097100923,348.6899055824725,False
Kryssfiner,curv_std,0.20574237255254357,0.24543438999259734,27,66,0.0604673982366689,0.05802653152941339,77.77061682486148,False
Kryssfiner,curv_skew,0.8159489440350551,0.09353933872244453,27,66,0.5233270052526878,0.576413822688319,308.42870084525083,False
Kryssfiner,d2_bin_1,0.0389016445851938,0.5044375140463662,27,66,0.5632592592592592,0.49067424242424246,14.704821653203258,False
Kryssfiner,d2_bin_2,0.7064328447258876,0.27246429664235805,27,66,1.062611111111111,1.103537878787879,267.0316153063855,False
Kryssfiner,d2_bin_3,0.03771584677002455,0.40008737733690924,27,66,0.6603333333333332,0.7294962121212117,14.25659007906928,False
Kryssfiner,d2_bin_4,0.5535273358176596,0.291757242758819,27,66,0.19866666666666666,0.16442803030303033,209.23333293907532,False
Kryssfiner,d2_bin_5,0.21645899811327818,0.15391192444356158,27,66,0.015129629629629628,0.011863636363636364,81.82150128681916,False
Messing,pca_l2_l1,0.013538916551980517,0.8969575528819735,6,87,0.3008299313326599,0.49759889281395064,5.117710456648635,False
Messing,pca_l3_l1,0.025280464633097126,0.7364812797819229,6,87,0.21955685338283712,0.31054503357592295,9.556015631310714,False
Messing,bbox_H,0.009896315764856667,0.7914175637454741,6,87,1.8052729319418939,1.706570318785537,3.74080735911582,False
Messing,bbox_W,0.015737685892278766,0.7157619531238593,6,87,1.000758054947047,1.1418151040358477,5.948845267281373,False
Messing,bbox_D,0.015737685892278766,0.8398466846304637,6,87,0.7822419628672018,0.9265961918809104,5.948845267281373,False
Messing,aspect_H_W,0.005637047500041339,0.7931309980865439,6,87,1.8097818806779664,1.5471965923159678,2.1308039550156264,False
Messing,aspect_D_W,0.3862161077755889,0.3470298066831852,6,87,0.7809610120511494,0.8159368541950546,145.9896887391726,False
Messing,compactness,0.495984424881158,0.14793691664760655,6,87,0.4500010230022938,0.4380260705847312,187.48211260507773,False
Messing,surface_ratio,0.2848746795592691,0.4009563203249176,6,87,0.5748700468393297,0.5495448450164039,107.68262887340371,False
Messing,symmetry_score,0.07024589731777275,0.5014825767634735,6,87,0.08440330255978862,0.10438418670892043,26.552949186118102,False
Messing,h_dist_bottom,0.07335430832027753,0.5812364203866256,6,87,0.3155110677083333,0.250836251795977,27.72792854506491,False
Messing,h_dist_mid,0.14154807329209368,0.34886094594678535,6,87,0.433837890625,0.47547930136494254,53.50517170441141,False
Messing,h_dist_top,0.4815867092232726,0.26767115670617586,6,87,0.2506510416666667,0.27368444683908044,182.03977608639704,False
Messing,curv_mean,0.8608154797542886,0.019656908538031044,6,87,0.08917882010081246,0.08863098304161565,325.3882513471211,False
Messing,curv_std,0.3694047835119741,0.44632683003471585,6,87,0.06288755843620007,0.058448798651886694,139.6350081675262,False
Messing,curv_skew,0.8728154616393896,0.2538243304748163,6,87,0.4262412273709664,0.5702953341956991,329.9242444996893,False
Messing,d2_bin_1,0.7963791476368252,0.24699071507559375,6,87,0.4784999999999999,0.5140402298850575,301.0313178067199,False
Messing,d2_bin_2,0.2536128637460018,0.3894078350138507,6,87,1.1463750000000001,1.0878821839080461,95.86566249598867,False
Messing,d2_bin_3,0.36853569700583855,0.203803071846405,6,87,0.6764583333333332,0.7116896551724134,139.30649346820698,False
Messing,d2_bin_4,0.11969974938511953,0.12834576198254974,6,87,0.18845833333333337,0.17339655172413795,45.24650526757518,False
Messing,d2_bin_5,0.6333110759876994,0.13115273892228366,6,87,0.010208333333333333,0.012991379310344827,239.39158672335037,False
Silke,pca_l2_l1,0.3444192472613036,0.32096759214430054,12,81,0.42357765255357976,0.4939895238539098,130.19047546477276,False
Silke,pca_l3_l1,0.5941021287245775,0.1088951975892002,12,81,0.31639230417887737,0.3029389060648863,224.57060465789027,False
Silke,bbox_H,0.0016561352153027379,0.9129713865242448,12,81,1.812108660924012,1.698246313517345,0.6260191113844349,False
Silke,bbox_W,0.6181173865468012,0.021774710779984465,12,81,1.1289771539977418,1.1332683522571374,233.64837211469083,False
Silke,bbox_D,0.7095521212408281,0.059399505784986185,12,81,0.9083907097709534,0.9186003944887776,268.21070182903304,False
Silke,aspect_H_W,0.16729173759234506,0.22466416878815607,12,81,1.6289206226206996,1.5545400906680076,63.23627680990643,False
Silke,aspect_D_W,0.7701061732421851,0.060627715254796,12,81,0.8083583506496504,0.8144687923392695,291.100133485546,False
Silke,compactness,0.868020474005956,0.2273519134487683,12,81,0.42276996229010017,0.44117326828894027,328.1117391742514,False
Silke,surface_ratio,0.8500192261399899,0.06386273938132152,12,81,0.547665508043724,0.5516992061844249,321.3072674809162,False
Silke,symmetry_score,0.43243822452989156,0.16632176986960798,12,81,0.0973233140577972,0.10395017642396596,163.461648872299,False
Silke,h_dist_bottom,0.08877965644563479,0.5227661487784276,12,81,0.204345703125,0.2625144675925926,33.55871013644995,False
Silke,h_dist_mid,0.013959884101949179,0.7192424413704191,12,81,0.5475667317708334,0.46171513310185186,5.276836190536789,False
Silke,h_dist_top,0.185600491445727,0.32170216240825794,12,81,0.24808756510416666,0.2757703993055556,70.15698576648481,False
Silke,curv_mean,0.7613593107677263,0.013313935746885802,12,81,0.08834314718878174,0.08871420591308711,287.79381947020056,False
Silke,curv_std,0.0008709628172091311,0.9055166182595014,12,81,0.06657862045332641,0.05757317762828922,0.3292239449050515,False
Silke,curv_skew,0.19334856343035878,0.4870946643083273,12,81,0.3202284912915934,0.5966715993055864,73.08575697667561,False
Silke,d2_bin_1,0.8500175676829473,0.22721898022902998,12,81,0.4832708333333333,0.5159660493827161,321.3066405841541,False
Silke,d2_bin_2,0.4880870288118989,0.2378311654989432,12,81,1.1227708333333333,1.0870462962962961,184.4968968908978,False
Silke,d2_bin_3,0.6425427984101597,0.09450595692423541,12,81,0.7236458333333332,0.7073086419753084,242.88117779904036,False
Silke,d2_bin_4,0.7138191896582702,0.21558329795441514,12,81,0.15233333333333335,0.17763271604938272,269.8236536908261,False
Silke,d2_bin_5,0.04188866585242099,0.2795901343967355,12,81,0.017979166666666668,0.012046296296296296,15.833915692215136,False
Lær,pca_l2_l1,0.09415996137713208,0.7136571965287009,5,88,0.3367635292447331,0.4933212001884771,35.59246540055592,False
Lær,pca_l3_l1,0.2378050970956403,0.5141821839210294,5,88,0.24456575753454332,0.30809011651965457,89.89032670215204,False
Lær,bbox_H,0.2736695955726165,0.5203590635886893,5,88,1.7743463509954538,1.709449131488816,103.44710712644904,False
Lær,bbox_W,0.2812361973053465,0.324863061530342,5,88,1.0721350716082942,1.136156670713177,106.30728258142098,False
Lær,bbox_D,0.296765003857996,0.3921018303800844,5,88,0.8535113013888058,0.9209064086806634,112.17717145832248,False
Lær,aspect_H_W,0.199049155665447,0.3491987113965903,5,88,1.6735326668657577,1.5579219486503204,75.24058084153897,False
Lær,aspect_D_W,0.637175495552034,0.25376819446751037,5,88,0.7894790694275733,0.8150554209106677,240.85233731866884,False
Lær,compactness,0.32104679809424763,0.4916662817595038,5,88,0.4764575267039962,0.4366589391518794,121.3556896796256,False
Lær,surface_ratio,0.224372178766493,0.651049065123045,5,88,0.5900894514717662,0.548967892501185,84.81268357373436,False
Lær,symmetry_score,0.4701801954744893,0.3887085521395688,5,88,0.08844020371481214,0.10392776182341758,177.72811388935696,False
Lær,h_dist_bottom,0.9253594775843619,0.003051802439980618,5,88,0.2546875,0.2550270774147727,349.78588252688877,False
Lær,h_dist_mid,0.2870493516817515,0.2752943925183123,5,88,0.44169921875,0.47455943714488635,108.50465493570206,False
Lær,h_dist_top,0.3532245838485977,0.3858147625268833,5,88,0.30361328125,0.2704134854403409,133.51889269476993,False
Lær,curv_mean,0.42011073692369694,0.19943272596263215,5,88,0.08340697414378222,0.08896515425575599,158.80185855715743,False
Lær,curv_std,0.3378920624299386,0.48157069972965416,5,88,0.06326694616722922,0.05847768298289997,127.72319959851679,False
Lær,curv_skew,0.637175495552034,0.08916440770753295,5,88,0.5131182678098154,0.5637221602295744,240.85233731866884,False
Lær,d2_bin_1,0.24329183181798353,0.49316165582600435,5,88,0.4446,0.5155625,91.96431242719777,False
Lær,d2_bin_2,0.24329007372719214,0.31383030125213857,5,88,1.04705,1.0941903409090907,91.96364786887862,False
Lær,d2_bin_3,0.5341214187539849,0.3113753035165357,5,88,0.7603499999999996,0.706522727272727,201.8978962890063,False
Lær,d2_bin_4,0.057532791539857346,0.4532598372942643,5,88,0.22469999999999998,0.17150852272727274,21.747395202066077,False
Lær,d2_bin_5,0.09004129691464338,0.522344543783602,5,88,0.023299999999999998,0.01221590909090909,34.0356102337352,False
Tekstil,pca_l2_l1,0.17864137286183612,0.34839821151966416,9,84,0.4158710877970591,0.49230051753138243,67.52643894177406,False
Tekstil,pca_l3_l1,0.09241151631151213,0.5100802502152855,9,84,0.24775571683130815,0.3107733046419113,34.93155316575159,False
Tekstil,bbox_H,0.277896719383284,0.5484727157578858,9,84,1.6511544696882852,1.7195579178428393,105.04495992688135,False
Tekstil,bbox_W,0.026719319654028097,0.9148559932068493,9,84,0.9698693375712565,1.1501623612221394,10.099902829222621,False
Tekstil,bbox_D,0.024988311134154912,0.9783403099591085,9,84,0.7653977013244307,0.9335564423681255,9.445581608710556,False
Tekstil,aspect_H_W,0.10021177477094594,0.8247682824288493,9,84,1.810772038074727,1.5377124580105292,37.880050863417566,False
Tekstil,aspect_D_W,0.5116750836308187,0.31382473364320557,9,84,0.7851120146714161,0.8167412411337368,193.41318161244948,False
Tekstil,compactness,0.6633287257040077,0.07336726878223486,9,84,0.44416273652096283,0.4382239244071036,250.7382583161149,False
Tekstil,surface_ratio,0.9637235986835029,0.1968199476116982,9,84,0.5624072175616459,0.5499756766596227,364.2875203023641,False
Tekstil,symmetry_score,0.04331355269814126,0.7156444743958986,9,84,0.07734063358200943,0.10585450424758006,16.372522919897396,False
Tekstil,h_dist_bottom,0.3076819416483675,0.42412423618109885,9,84,0.2976345486111111,0.25044177827380953,116.30377394308292,False
Tekstil,h_dist_mid,0.21459482475875347,0.48838338190690317,9,84,0.4201388888888889,0.4784342447916667,81.11684375880881,False
Tekstil,h_dist_top,0.8556357819398027,0.12902312526067833,9,84,0.2822265625,0.27112397693452384,323.43032557324545,False
Tekstil,curv_mean,0.8100188636863651,0.010214585631803696,9,84,0.08840919705320788,0.08869387704460198,306.187130473446,False
Tekstil,curv_std,0.10292553569121411,0.512077939570055,9,84,0.06333499253109973,0.058242332149421976,38.905852491278935,False
Tekstil,curv_skew,0.15102714672739223,0.32686170858759006,9,84,0.39344830070541037,0.5789536515821777,57.088261462954264,False
Tekstil,d2_bin_1,0.06221528437161824,0.9455536488304105,9,84,0.634638888888889,0.49858035714285714,23.517377492471695,False
Tekstil,d2_bin_2,0.40559392326196997,0.19114817761208264,9,84,1.0657222222222225,1.0944345238095237,153.31450299302466,False
Tekstil,d2_bin_3,0.1419897766680981,0.4666392229889993,9,84,0.6365555555555553,0.7172232142857139,53.67213558054108,False
Tekstil,d2_bin_4,0.968902750388576,0.1735535908740014,9,84,0.15597222222222223,0.17633928571428573,366.2452396468817,False
Tekstil,d2_bin_5,0.229261210600065,0.29743366061513266,9,84,0.0071111111111111115,0.01342261904761905,86.66073760682457,False
Ull,pca_l2_l1,0.6616544936872176,0.12586982636059,13,80,0.5086568424466167,0.48104430388754543,250.10539861376827,False
Ull,pca_l3_l1,0.7354258388200887,0.07640068880843162,13,80,0.31279429649155543,0.30335541483765127,277.99096707399355,False
Ull,bbox_H,0.11186385272038729,0.3615304489960365,13,80,1.6741522389206336,1.7192409527503105,42.284536328306395,False
Ull,bbox_W,0.18551322359088607,0.416269742691902,13,80,1.2032826912906516,1.121247342425282,70.12399851735493,False
Ull,bbox_D,0.005149841805188066,0.7789141931341563,13,80,1.03244951232417,0.8985684601328525,1.946640202361089,False
Ull,aspect_H_W,0.061922233038672995,0.5247171857087676,13,80,1.4147006979109646,1.5884210717839307,23.40660408861839,False
Ull,aspect_D_W,0.050525720799127066,0.5986029545895928,13,80,0.8655779508797649,0.8052469878229962,19.098722462070032,False
Ull,compactness,0.07536801658449022,0.542075671923026,13,80,0.47654406179069153,0.43266501844507965,28.489110268937303,False
Ull,surface_ratio,0.25150501495839217,0.30171134634333163,13,80,0.5675715815585134,0.5485148904650304,95.06889565427224,False
Ull,symmetry_score,0.3491723330132649,0.3057769320389659,13,80,0.11357532249954942,0.10139206083175833,131.98714187901413,False
Ull,h_dist_bottom,0.00026156269877932565,1.130779110643013,13,80,0.36324368990384615,0.237420654296875,0.0988707001385851,False
Ull,h_dist_mid,0.00018449261005006647,1.3130969611451262,13,80,0.3379657451923077,0.4947021484375,0.06973820659892513,False
Ull,h_dist_top,0.09541740126261217,0.3592441851939513,13,80,0.29879056490384615,0.267877197265625,36.0677776772674,False
Ull,curv_mean,0.11186385272038729,0.4325457485669067,13,80,0.07829641045687714,0.09035143886607544,42.284536328306395,False
Ull,curv_std,0.3491723330132649,0.20896814145458792,13,80,0.060522874888788776,0.058444668247213616,131.98714187901413,False
Ull,curv_skew,0.22506217960252994,0.16286080600319564,13,80,0.6405104699031029,0.5480813166313911,85.07350388975632,False
Ull,d2_bin_1,0.010999510689101896,0.7659221300461343,13,80,0.4169423076923077,0.5271531250000001,4.157815040480517,False
Ull,d2_bin_2,0.00055802703691221,1.2778741817250232,13,80,0.9265384615384615,1.1184874999999999,0.2109342199528154,False
Ull,d2_bin_3,0.09110268166382617,0.537374771823506,13,80,0.7893269230769226,0.6964312499999997,34.43681366892629,False
Ull,d2_bin_4,0.001683719768139572,1.6011231753149258,13,80,0.3360000000000001,0.148103125,0.6364460723567582,False
Ull,d2_bin_5,0.026292743810720817,1.0069474059679755,13,80,0.03119230769230769,0.009825,9.938657160452468,False
Stål,pca_l2_l1,0.8115350197950073,0.12064662981721996,20,73,0.46412917965398554,0.49059588588671166,306.76023748251276,False
Stål,pca_l3_l1,0.3058748876088191,0.22316749787281967,20,73,0.28303299136096677,0.3106040988244244,115.62070751613362,False
Stål,bbox_H,0.0024105852470506675,0.4977265429364474,20,73,1.6642130237837556,1.7262876006892873,0.9112012233851523,False
Stål,bbox_W,0.9515340920666895,0.03514551995767547,20,73,1.1272779404917443,1.1342041585063856,359.6798868012086,False
Stål,bbox_D,0.2928139406641571,0.27437066220363043,20,73,0.954300515589835,0.9071412350554208,110.68366957105138,False
Stål,aspect_H_W,0.3819533639798529,0.15622533141203293,20,73,1.5235384387701403,1.5752606306870438,144.3783715843844,False
Stål,aspect_D_W,0.05584475036338441,0.4876343594348181,20,73,0.8522579843839043,0.8031111328712129,21.10931563735931,False
Stål,compactness,0.6168853072767546,0.02315532483222271,20,73,0.4373273929185532,0.4392017317878672,233.18264615061324,False
Stål,surface_ratio,0.6773280220388597,0.0539590772924177,20,73,0.5485035042315711,0.5519116672990643,256.02999233068897,False
Stål,symmetry_score,0.03662579356326521,0.46221505287073805,20,73,0.11755092132563705,0.09913459770578176,13.844549966914249,False
Stål,h_dist_bottom,0.9329302173852064,0.0354543537829851,20,73,0.25810546875,0.2541604238013699,352.647622171608,False
Stål,h_dist_mid,0.20849141705297003,0.39465948623912134,20,73,0.4358154296875,0.4829235338184932,78.80975564602267,False
Stål,h_dist_top,0.017988788269507623,0.5015978268014594,20,73,0.3060791015625,0.262916042380137,6.7997619658738815,False
Stål,curv_mean,0.008960497102684395,0.6234031305775201,20,73,0.07502850338643355,0.09240271749995571,3.3870679048147014,False
Stål,curv_std,0.5279220658523975,0.08962279818249357,20,73,0.05803554244919964,0.05892684910064863,199.55454089220626,False
Stål,curv_skew,0.025121819696029023,0.625591483679519,20,73,0.8396926430056334,0.4846477887553282,9.496047845098971,False
Stål,d2_bin_1,0.2443463537027054,0.4829883320908247,20,73,0.5662999999999999,0.4968013698630137,92.36292169962265,False
Stål,d2_bin_2,0.5843568497210332,0.375029477219705,20,73,1.0474375,1.1037705479452053,220.88688919455055,False
Stål,d2_bin_3,0.2387079349466903,0.3357144098006999,20,73,0.6638624999999997,0.7218972602739724,90.23159940984893,False
Stål,d2_bin_4,0.9888089146356209,0.340269284449847,20,73,0.20571250000000002,0.1657808219178082,373.7697697322647,False
Stål,d2_bin_5,0.2738321651745761,0.23268269866103647,20,73,0.016687499999999997,0.01175,103.50855843598977,False
Palme,pca_l2_l1,0.681488169206665,0.09529260562514373,11,82,0.5033362206963746,0.4824315223798724,257.60252796011935,False
Palme,pca_l3_l1,0.11495632199733342,0.4164634473608164,11,82,0.3500408881468853,0.298589137460812,43.45348971499203,False
Palme,bbox_H,0.3205309429400045,0.3969027510823926,11,82,1.7565835792145108,1.7070833653004078,121.1606964313217,False
Palme,bbox_W,0.4288710900198456,0.3504689337093304,11,82,1.1936131520946847,1.1245453378995063,162.11327202750164,False
Palme,bbox_D,0.8258030970756125,0.04299952404926042,11,82,0.9107663709855107,0.9181571998780705,312.1535706945815,False
Palme,aspect_H_W,0.6299388432501849,0.22033953934931783,11,82,1.4998171681201102,1.5727659264175098,238.11688274856988,False
Palme,aspect_D_W,0.08560327467813983,0.48596871948081427,11,82,0.7704945828224414,0.819473560685729,32.358037828336855,False
Palme,compactness,0.22723715140605016,0.37504197655467686,11,82,0.41203113552518933,0.4423894120501012,85.89564323148696,False
Palme,surface_ratio,0.5090856063906943,0.23447769108999114,11,82,0.5381203796246545,0.5529304587999014,192.43435921568246,False
Palme,symmetry_score,0.14833467436967748,0.4566571762567731,11,82,0.11913789276831123,0.10094301510467543,56.070506911738086,False
Palme,h_dist_bottom,0.0019023850679302649,0.9201965185956751,11,82,0.16472833806818182,0.2671196169969512,0.7191015556776401,False
Palme,h_dist_mid,0.0008465740719467235,0.9459933384047269,11,82,0.5723544034090909,0.4594369283536585,0.3200049991958615,False
Palme,h_dist_top,0.9525655762724706,0.12232490471336921,11,82,0.2629172585227273,0.27344345464939024,360.0697878309939,False
Palme,curv_mean,0.1205406410605574,0.5041412897672737,11,82,0.10105484554504911,0.08700445297841337,45.564362320890694,False
Palme,curv_std,0.45715573819766453,0.28487617513141084,11,82,0.06123318893146354,0.0584000701839664,172.8048690387172,False
Palme,curv_skew,0.029921170100687195,0.6563744101854552,11,82,0.23254723010545852,0.6050624622937999,11.31020229805976,False
Palme,d2_bin_1,0.4607585166980084,0.0051736837034828224,11,82,0.511090909090909,0.5118353658536585,174.16671931184717,False
Palme,d2_bin_2,0.003914480800132873,0.7370481779829865,11,82,1.1892727272727273,1.0785609756097563,1.479673742450226,False
Palme,d2_bin_3,0.44998120576997325,0.1844951357830068,11,82,0.6812954545454543,0.7131890243902436,170.0928957810499,False
Palme,d2_bin_4,0.011864051915610591,0.6280103405003246,11,82,0.10938636363636363,0.18308536585365853,4.484611624100803,False
Palme,d2_bin_5,0.8958618479538036,0.20616148169557405,11,82,0.008954545454545455,0.01332926829268293,338.63577852653776,False
Ask,pca_l2_l1,0.051838278913306106,0.7148044155863985,6,87,0.6315967301618803,0.47478738944641813,19.594869429229707,False
Ask,pca_l3_l1,0.2575014193196584,0.5521024137043691,6,87,0.3684834284954733,0.30027423529229286,97.33553650283088,False
Ask,bbox_H,0.12173781012522203,0.9373139528227509,6,87,1.603581792116478,1.7204800525666004,46.016892227333926,False
Ask,bbox_W,0.8369102151348397,0.014934009220672721,6,87,1.1299614420093864,1.1329045256177555,316.35206132096937,False
Ask,bbox_D,0.6746672519479301,0.26248269144073766,6,87,0.9594882655135061,0.9143723089397859,255.02422123631757,False
Ask,aspect_H_W,0.467155951034798,0.3360121949174825,6,87,1.4600696740048924,1.5713146755348006,176.58494949115365,False
Ask,aspect_D_W,0.3371034048658266,0.3961257968308447,6,87,0.8510286476587345,0.8111046034634969,127.42508703928245,False
Ask,compactness,0.4577465492730947,0.3357137858868078,6,87,0.4133770579685537,0.4405518612767133,173.0281956252298,False
Ask,surface_ratio,0.5875618096807248,0.25826117702376056,6,87,0.5359188432793102,0.552231134917095,222.09836405931398,False
Ask,symmetry_score,0.7429166717109733,0.17059635356063824,6,87,0.10945374712190344,0.10265656984256766,280.8225019067479,False
Ask,h_dist_bottom,0.22253654966794856,0.632835748546952,6,87,0.3208821614583333,0.2504658315373563,84.11881577448456,False
Ask,h_dist_mid,0.4027737648066809,0.3874874392543242,6,87,0.4295247395833333,0.47577676005747127,152.24848309692538,False
Ask,h_dist_top,0.12156061520338657,0.28081339307954245,6,87,0.24959309895833334,0.27375740840517243,45.94991254688012,False
Ask,curv_mean,0.9574511982284174,0.07248108975806467,6,87,0.08677660845853645,0.08879665281004848,361.91655293034177,False
Ask,curv_std,0.3862161077755889,0.18566677118239577,6,87,0.057007825051829976,0.05885429750598119,145.9896887391726,False
Ask,curv_skew,0.31404627646177036,0.4022594413142666,6,87,0.7745689131730281,0.5462727351748673,118.7094925025492,False
Ask,d2_bin_1,0.4575841135423184,0.0126710550384432,6,87,0.5100416666666666,0.5118649425287356,172.96679491899636,False
Ask,d2_bin_2,0.1273180503183507,0.8854865004193521,6,87,1.2160833333333334,1.0830747126436782,48.12622302033656,False
Ask,d2_bin_3,0.4296741370317241,0.3295374575114457,6,87,0.6561249999999997,0.7130919540229883,162.4168237979917,False
Ask,d2_bin_4,0.16397376843164424,0.5483741943335304,6,87,0.11416666666666665,0.17852011494252873,61.98208446716152,False
Ask,d2_bin_5,0.027420503949090548,0.46489143285513684,6,87,0.003583333333333333,0.013448275862068967,10.364950492756227,False
Tre,pca_l2_l1,0.578947916294466,0.16028020486136482,5,88,0.4516332390528398,0.48679451213119834,218.84231235930812,False
Tre,pca_l3_l1,0.4805536165039451,0.4309171034248151,5,88,0.2542996354884219,0.3075370552722751,181.64926703849125,False
Tre,bbox_H,0.32940368241438267,0.37978478368216106,5,88,1.6681194266005428,1.7154847521930725,124.51459195263665,False
Tre,bbox_W,0.3128210631244182,0.29102658027003997,5,88,1.1869844921674026,1.1296311354541364,118.24636186103008,False
Tre,bbox_D,0.44978862653823654,0.10400445706824794,5,88,0.9341983730553152,0.916321915972339,170.02010083145342,False
Tre,aspect_H_W,0.32104679809424763,0.28638825541805474,5,88,1.474419411213041,1.5692352018124067,121.3556896796256,False
Tre,aspect_D_W,0.4805536165039451,0.3957030911414014,5,88,0.7759430704964008,0.8158245117590298,181.64926703849125,False
Tre,compactness,0.224372178766493,0.5676365787827493,5,88,0.39532087111792047,0.4412689764010882,84.81268357373436,False
Tre,surface_ratio,0.11735192298408335,0.7081714698743358,5,88,0.5088540180126235,0.5535835421295453,44.35902688798351,False
Tre,symmetry_score,0.4701801954744893,0.3890084223034193,5,88,0.08842889816120628,0.10392840418441794,177.72811388935696,False
Tre,h_dist_bottom,0.05113454002271713,0.9411519367846978,5,88,0.3541015625,0.24937855113636365,19.328856128587077,False
Tre,h_dist_mid,0.22979472482694552,0.640165681187175,5,88,0.40048828125,0.4769009676846591,86.86240598458541,False
Tre,h_dist_top,0.3532245838485977,0.32899423093302543,5,88,0.24541015625,0.2737204811789773,133.51889269476993,False
Tre,curv_mean,0.36414013485101004,0.34613207093116743,5,88,0.07953828273805105,0.08918496626744525,137.6449709736818,False
Tre,curv_std,0.9145489442698577,0.05560729316147972,5,88,0.05925845746927132,0.05870543802255667,345.6995009340062,False
Tre,curv_skew,0.3915529274118556,0.20362779499634345,5,88,0.6703541368225254,0.5547883040356705,148.0070065616814,False
Tre,d2_bin_1,0.9796160057612174,0.26882747522130795,5,88,0.5483499999999999,0.5096676136363637,370.2948501777402,False
Tre,d2_bin_2,0.09675814070725879,0.5702786835486116,5,88,1.0106,1.0962613636363636,36.57457718734382,False
Tre,d2_bin_3,0.639481105015965,0.11238447636738913,5,88,0.7277999999999998,0.7083721590909088,241.72385769603477,False
Tre,d2_bin_4,0.6764428832140981,0.23577819794007612,5,88,0.20055,0.1728806818181818,255.69540985492907,False
Tre,d2_bin_5,0.8114795297358605,0.005569390255638216,5,88,0.0127,0.012818181818181819,306.73926224015526,False
Plast,pca_l2_l1,0.4912610243118173,0.2927112168741791,10,83,0.4275955986803647,0.4918087623615182,185.69666718986693,False
Plast,pca_l3_l1,0.36857992691927755,0.34383661072733374,10,83,0.2667633668235722,0.3092424743755011,139.32321237548692,False
Plast,bbox_H,0.03554282960334179,0.481871436561593,10,83,1.6593031046738715,1.719400292521137,13.435189590063198,False
Plast,bbox_W,0.8768027557054214,0.021306577199639395,10,83,1.128967206421907,1.1331661483925537,331.4314416566493,False
Plast,bbox_D,0.7518142534171278,0.06532133280058013,10,83,0.927303291737991,0.9160757536561748,284.18578779167433,False
Plast,aspect_H_W,0.4309777552355666,0.10192714272254123,10,83,1.534020665231332,1.5677661224487192,162.90959147904417,False
Plast,aspect_D_W,0.5475127691125538,0.1969413979398924,10,83,0.8313950384647424,0.8115460482244483,206.9598267245453,False
Plast,compactness,0.4456328818595051,0.3052635792160697,10,83,0.41674566379744044,0.44145563422784295,168.44922934289292,False
Plast,surface_ratio,0.2946574225014361,0.3899909265866597,10,83,0.5291947906214312,0.553827396280106,111.38050570554286,False
Plast,symmetry_score,0.14166383229021942,0.516876853647426,10,83,0.12147491010198705,0.1008806621447583,53.54892860570294,False
Plast,h_dist_bottom,0.9901048345899559,0.08338132752032865,10,83,0.246728515625,0.25600644766566266,374.25962747500336,False
Plast,h_dist_mid,0.3459002360487732,0.2955452308048735,10,83,0.44130859375,0.47658603162650603,130.75028922643625,False
Plast,h_dist_top,0.034464051261221165,0.5177778671424422,10,83,0.311962890625,0.2674075207078313,13.0274113767416,False
Plast,curv_mean,0.18246536428464544,0.39891179554799816,10,83,0.0787441219817028,0.08986177380010132,68.97190769959597,False
Plast,curv_std,0.31213441843652845,0.14386412089073586,10,83,0.06001206849069205,0.05858132708945089,117.98681016900775,False
Plast,curv_skew,0.24622143052172618,0.22386470936950878,10,83,0.674391108047468,0.5473401248045414,93.0717007372125,False
Plast,d2_bin_1,0.236257476322275,0.7985687292456661,10,83,0.6143000000000001,0.49939156626506026,89.30532604981995,False
Plast,d2_bin_2,0.6330206141560654,0.4647680680124101,10,83,1.02935,1.0991626506024095,239.28179215099271,False
Plast,d2_bin_3,0.5895488055248735,0.3015054940156811,10,83,0.6628999999999996,0.715021084337349,222.8494484884022,False
Plast,d2_bin_4,0.4757738027373031,0.09435015229743914,10,83,0.18425000000000002,0.1731777108433735,179.84249743470056,False
Plast,d2_bin_5,0.3852210981049392,0.19071677530637113,10,83,0.0092,0.01324698795180723,145.61357508366703,False
Metall,pca_l2_l1,0.6019577388535896,0.43230747299132777,5,88,0.574642282825515,0.47980536191684187,227.54002528665688,False
Metall,pca_l3_l1,0.9145489442698577,0.24055828758464456,5,88,0.3327966412700488,0.30307699812559175,345.6995009340062,False
Metall,bbox_H,0.016582811703917334,1.4674282535362981,5,88,1.5397654740727202,1.7227775904048805,6.268302824080752,False
Metall,bbox_W,0.6610942816247195,0.5269647201597376,5,88,1.034447705540943,1.13829799833064,249.89363845414397,False
Metall,bbox_D,0.7851671855012701,0.2815087948129231,5,88,0.8714982296184821,0.919884424122159,296.7931961194801,False
Metall,aspect_H_W,0.7347320634743615,0.3708953161770549,5,88,1.6803296621472998,1.5575357557365967,277.72871999330863,False
Metall,aspect_D_W,0.2378050970956403,0.5443034540127875,5,88,0.8655892948476731,0.8107309762845258,89.89032670215204,False
Metall,compactness,0.30472728564349666,0.8178653731849532,5,88,0.5014425468708721,0.4352393357333069,115.18691397324174,False
Metall,surface_ratio,0.7098945007765154,0.5197754012231639,5,88,0.582243724664308,0.549413672433427,268.3401212935228,False
Metall,symmetry_score,0.3128210631244182,0.5739321927284932,5,88,0.08145699547939843,0.10432453501861155,118.24636186103008,False
Metall,h_dist_bottom,0.06215605327367023,0.8122282435113871,5,88,0.34052734375,0.2501498135653409,23.494988137447347,False
Metall,h_dist_mid,0.18396616517195552,0.5424631797189725,5,88,0.4115234375,0.47627397017045453,69.53921043499919,False
Metall,h_dist_top,0.3896695277271802,0.29781128826531095,5,88,0.24794921875,0.27357621626420453,147.29508148087413,False
Metall,curv_mean,0.8235642364264896,0.34029010433781476,5,88,0.07969234454355618,0.08917621275576883,311.30728136921306,False
Metall,curv_std,0.34651101455394134,0.41456925452558074,5,88,0.05483390515236518,0.0589568330405627,130.98116350138983,False
Metall,curv_skew,0.4701801954744893,0.6545470148730389,5,88,0.9125077008078097,0.5410295788092339,177.72811388935696,False
Metall,d2_bin_1,0.7397727786132375,0.22255729184204984,5,88,0.5420499999999999,0.5100255681818182,279.6341103158038,False
Metall,d2_bin_2,0.21685390754786482,0.3606171803268035,5,88,1.0404000000000002,1.0945681818181818,81.9707770530929,False
Metall,d2_bin_3,0.6334039700533467,0.1515101689558541,5,88,0.7341999999999997,0.7080085227272724,239.42670068016506,False
Metall,d2_bin_4,0.627352754549356,0.03495664276001788,5,88,0.17825,0.17414772727272726,237.1393412196566,False
Metall,d2_bin_5,0.15239964964321903,0.38407372032150855,5,88,0.0050999999999999995,0.01325,57.607067565136795,False
Gummi/plast,pca_l2_l1,0.35303260648770196,0.4219545398586337,6,87,0.398310346633232,0.49087610555184213,133.44632525235133,False
Gummi/plast,pca_l3_l1,0.22579935153804065,0.5021997229875881,6,87,0.24663367426906077,0.30867766661825236,85.35215488137936,False
Gummi/plast,bbox_H,0.3694047835119741,0.3554320644052983,6,87,1.671469963410803,1.715798109718716,139.6350081675262,False
Gummi/plast,bbox_W,0.4862760485702004,0.47258475455849186,6,87,1.0455897686141562,1.1387232617139782,183.81234635953575,False
Gummi/plast,bbox_D,0.5562259729963844,0.29564088742451583,6,87,0.9648198549350754,0.9140046131176088,210.25341779263331,False
Gummi/plast,aspect_H_W,0.5256864152179089,0.27457743363313564,6,87,1.649178236758605,1.558272705689717,198.7094649523696,False
Gummi/plast,aspect_D_W,0.004164624214421715,1.135545935837345,6,87,0.9207440889685158,0.8062966419938568,1.5742279530514083,False
Gummi/plast,compactness,0.00671198991321279,1.163261522358566,6,87,0.5268854618392419,0.43272369549252787,2.537132187194435,False
Gummi/plast,surface_ratio,0.051838278913306106,0.8617338282940177,6,87,0.6020960209388764,0.5476671916302284,19.594869429229707,False
Gummi/plast,symmetry_score,0.43923394894130974,0.3212858820477353,6,87,0.09111978645413722,0.10392098092310328,166.0304326998151,False
Gummi/plast,h_dist_bottom,0.008219354939854024,1.1722832702230885,6,87,0.3770345052083333,0.24659325610632185,3.106916167264821,False
Gummi/plast,h_dist_mid,0.07335001794871537,0.9690712441489651,6,87,0.3645833333333333,0.4802554777298851,27.726306784614412,False
Gummi/plast,h_dist_top,0.5681204806925455,0.1716317370546548,6,87,0.2583821614583333,0.2731512661637931,214.7495417017822,False
Gummi/plast,curv_mean,0.8488464170422031,0.11563873900366378,6,87,0.08565140702820068,0.08887425290869233,320.8639456419528,False
Gummi/plast,curv_std,0.5875618096807248,0.3202461145954497,6,87,0.061714570307418615,0.058529694384906114,222.09836405931398,False
Gummi/plast,curv_skew,0.619649897460068,0.08744518754474793,6,87,0.6074278784633748,0.5577997030858779,234.22766123990573,False
Gummi/plast,d2_bin_1,0.10058024841384425,0.48038176351418116,6,87,0.44708333333333333,0.5162068965517241,38.019333900433125,False
Gummi/plast,d2_bin_2,0.13944849918035107,0.5603470755024782,6,87,1.0129166666666667,1.0970862068965517,52.7115326901727,False
Gummi/plast,d2_bin_3,0.8757287566898146,0.22364230892879944,6,87,0.6732499999999998,0.7119109195402297,331.02547002874996,False
Gummi/plast,d2_bin_4,0.03682079199136587,1.3910755963423915,6,87,0.32708333333333334,0.16383620689655173,13.9182593727363,False
Gummi/plast,d2_bin_5,0.2376234036907,1.3528300070558745,6,87,0.039666666666666676,0.010959770114942528,89.8216465950846,False
Skinn/lær/pergament,pca_l2_l1,0.05581039821549143,0.7815027130045684,5,88,0.32268019201402837,0.49412138980385817,21.09633052545576,False
Skinn/lær/pergament,pca_l3_l1,0.03395702199616661,0.7571348157002972,5,88,0.21616404036547737,0.30970385044971516,12.835754314550979,False
Skinn/lær/pergament,bbox_H,0.04284300620402233,0.7220460861257398,5,88,1.7981476491540043,1.708096785002535,16.19465634512044,False
Skinn/lær/pergament,bbox_W,0.08071900014475304,0.5864578383732986,5,88,1.0233535911244243,1.1389283457406694,30.51178205471665,False
Skinn/lær/pergament,bbox_D,0.09065356343040445,0.5840376201836132,5,88,0.822294731030668,0.9226800774510121,34.26704697669288,False
Skinn/lær/pergament,aspect_H_W,0.03731672354519322,0.6867340458878571,5,88,1.7792739152824903,1.551913923172097,14.105721500083037,False
Skinn/lær/pergament,aspect_D_W,0.6610942816247195,0.18432299486973713,5,88,0.7961018955933632,0.8146791239694298,249.89363845414397,False
Skinn/lær/pergament,compactness,0.32104679809424763,0.31097729660241497,5,88,0.46261776424986334,0.4374452892913188,121.3556896796256,False
Skinn/lær/pergament,surface_ratio,0.3378920624299386,0.41977506090512123,5,88,0.5762670852723688,0.5497532542170599,127.72319959851679,False
Skinn/lær/pergament,symmetry_score,0.21784961514227,0.3223747059241191,5,88,0.0909410889134054,0.10378566607349753,82.34715452377806,False
Skinn/lær/pergament,h_dist_bottom,0.03253957786853727,0.7491576597517814,5,88,0.33388671875,0.2505271218039773,12.299960434307089,False
Skinn/lær/pergament,h_dist_mid,0.04443154741750793,0.6565935354163418,5,88,0.3986328125,0.47700639204545453,16.795124923817998,False
Skinn/lær/pergament,h_dist_top,0.9321262536231558,0.057942498513664224,5,88,0.26748046875,0.2724664861505682,352.3437238695529,False
Skinn/lær/pergament,curv_mean,0.2889348334925655,0.4567988520531479,5,88,0.07661982645511153,0.08935078764715775,109.21736706018976,False
Skinn/lær/pergament,curv_std,0.2310240060842831,0.5930270475365783,5,88,0.06431579567779913,0.0584180892607085,87.32707429985902,False
Skinn/lær/pergament,curv_skew,0.5563347743406681,0.0875988729614832,5,88,0.6080440472153554,0.5583286500360779,210.29454470077255,False
Skinn/lær/pergament,d2_bin_1,0.5915737328475118,0.33158323767621306,5,88,0.46659999999999996,0.5143125000000001,223.61487101635947,False
Skinn/lær/pergament,d2_bin_2,0.4849406855314625,0.2064538652999599,5,88,1.121,1.0899886363636364,183.30757913089283,False
Skinn/lær/pergament,d2_bin_3,0.5682531109089666,0.08813469814849605,5,88,0.6949999999999997,0.7102357954545452,214.79967592358938,False
Skinn/lær/pergament,d2_bin_4,0.1037999350809329,0.31367534826776655,5,88,0.2092,0.17238920454545456,39.23637546059263,False
Skinn/lær/pergament,d2_bin_5,0.9660264060578266,0.22968379621569304,5,88,0.008199999999999999,0.013073863636363637,365.15798148985846,False
Skumplast,pca_l2_l1,0.4527210556840724,0.3486573357773643,7,86,0.4141748777419575,0.4906611525420461,171.12855904857938,False
Skumplast,pca_l3_l1,0.9829527476997691,0.07923000310712403,7,86,0.2956231640273946,0.30541159178151805,371.55613863051275,False
Skumplast,bbox_H,0.4270940204675948,0.19553109794462223,7,86,1.690387826281695,1.7147737272328047,161.44153973675083,False
Skumplast,bbox_W,0.48814438714821995,0.2482100264316062,7,86,1.1779482341552305,1.1290328458338887,184.51857834202715,False
Skumplast,bbox_D,0.14602601509374658,0.5127445720245418,7,86,0.9987808511621278,0.9106494710779944,55.1978337054362,False
Skumplast,aspect_H_W,0.3330369909345736,0.3560895716075242,7,86,1.4551190730351624,1.573011177957103,125.88798257326883,False
Skumplast,aspect_D_W,0.2780910701870484,0.44071040103031806,7,86,0.8547546514656086,0.8103370910118298,105.11842453070429,False
Skumplast,compactness,0.737606817593374,0.02303319943733781,7,86,0.44052276623324776,0.43865831296805385,278.81537705029535,False
Skumplast,surface_ratio,0.7484027829809091,0.21550117801546934,7,86,0.538591764642947,0.552203249360029,282.89625196678367,False
Skumplast,symmetry_score,0.2653354109115899,0.5128002988022723,7,86,0.12198904147232958,0.10155721824102908,100.29678532458098,False
Skumplast,h_dist_bottom,0.0007684111539262382,1.2942676057018858,7,86,0.38818359375,0.24416901344476744,0.290459416184118,False
Skumplast,h_dist_mid,0.00042481255477493936,1.3978484937435096,7,86,0.31849888392857145,0.4853515625,0.16057914570492707,False
Skumplast,h_dist_top,0.1826974253145357,0.26540149552891196,7,86,0.29331752232142855,0.27047942405523256,69.05962676889449,False
Skumplast,curv_mean,0.08728268673232764,0.5636142697462759,7,86,0.0741407409900257,0.08984864253831694,32.99285558481985,False
Skumplast,curv_std,0.18686437848504156,0.532302973485694,7,86,0.06363051230847651,0.058336712176418684,70.63473506734572,False
Skumplast,curv_skew,0.15448155429994886,0.1745811395121633,7,86,0.6526246713966792,0.5535438225520333,58.39402752538067,False
Skumplast,d2_bin_1,0.25907213050521327,0.45492235373335105,7,86,0.45121428571428573,0.5166744186046512,97.92926533097062,False
Skumplast,d2_bin_2,0.008575601389265077,1.1172617785623602,7,86,0.9364642857142857,1.1042877906976745,3.2415773251421993,False
Skumplast,d2_bin_3,0.2910692860026589,0.4408681307725745,7,86,0.7798928571428568,0.7036802325581392,110.02419010900506,False
Skumplast,d2_bin_4,0.008215616555345433,1.2593740102329944,7,86,0.31103571428571436,0.16324418604651164,3.105503057920574,False
Skumplast,d2_bin_5,0.03168290172900048,0.43730139211748686,7,86,0.02139285714285714,0.012113372093023258,11.976136853562181,False
