objectId,style_group,pca_l2_l1,pca_l3_l1,bbox_H,bbox_W,bbox_D,aspect_H_W,aspect_D_W,compactness,surface_ratio,symmetry_score,h_dist_bottom,h_dist_mid,h_dist_top,curv_mean,curv_std,curv_skew,d2_bin_1,d2_bin_2,d2_bin_3,d2_bin_4,d2_bin_5
NMK.2005.0639,Postmodernisme,0.1598050128252477,0.0961063644586515,1.7286036490987378,0.9851660647037817,0.8580469301126838,1.7546299617907866,0.8709659111175015,0.4861507497165537,0.5691950985051192,0.0677500381265445,0.404296875,0.3056640625,0.2900390625,0.0839334435667199,0.0530031914199119,0.6396669801012036,0.5325,0.9505,0.6022499999999998,0.386,0.02875
NMK.2005.0640,Postmodernisme,0.7026985914223827,0.5069598654280008,1.477649835357474,0.913304452386161,0.8880444695198257,1.6179141726318071,0.9723411452320396,0.4159741448018893,0.4920218881295927,0.0594032881162196,0.5068359375,0.4189453125,0.07421875,0.1040203181775148,0.0635636161464101,0.1693130860221351,0.54525,1.53175,0.4009999999999998,0.022,0.0
NMK.2005.0641,Postmodernisme,0.4757591204769616,0.3574117556841029,1.5813989987365915,1.1888419389879608,1.0122176585868243,1.3302001020276122,0.8514309379239834,0.47351584136607,0.5511603231444366,0.0977237068381332,0.34130859375,0.48779296875,0.1708984375,0.1225777563295444,0.0561298196528829,0.0374223585972782,0.309,0.9315,0.9874999999999996,0.25775,0.01425
NMK.2005.0644,Postmodernisme,0.969369281547918,0.2494875318770355,1.678209234304031,1.413151852057192,1.054211359921762,1.187563844817625,0.7459995275012875,0.3297726361052089,0.4599823390794398,0.140140020725019,0.36181640625,0.365234375,0.27294921875,0.0518600660038371,0.058642352291366,1.0999326779514618,0.558,1.12525,0.7442499999999997,0.07,0.0025
NMK.2005.0645,Postmodernisme,0.3607700469215575,0.2303695521766122,1.5147422644240218,0.7652742426411172,0.6666632650288941,1.979343091246941,0.8711418165418581,0.5372490660536325,0.6055876819298908,0.0872940155354077,0.44677734375,0.4814453125,0.07177734375,0.1030216957551348,0.0593601011823192,0.7280090286552426,0.75425,1.38675,0.3129999999999999,0.04575,0.00025
NMK.2005.0646,Postmodernisme,0.6989249304750527,0.4843344932985308,1.6155448839645388,1.172230322225441,0.978900231787084,1.3781792495507472,0.8350742837417748,0.4339534026307614,0.551143327575099,0.1285027592464488,0.291015625,0.56298828125,0.14599609375,0.078206277169058,0.0546143980921692,1.2219062380285373,0.5525,1.21,0.6489999999999998,0.085,0.0035
NMK.2005.0661,Postmodernisme,0.5852643242659359,0.1622973594849024,1.567608184838483,1.0682133502133246,0.725773561260703,1.4675033943565994,0.6794268969666665,0.4720807723863843,0.6129162036696073,0.1018771085123487,0.46630859375,0.3662109375,0.16748046875,0.0425235866905249,0.0487431511532429,1.9121919834770469,0.59575,1.21425,0.5984999999999998,0.091,0.0005
NMK.2008.0005,Postmodernisme,0.3436906818480228,0.237773340820044,1.6241733013175623,1.076455862223651,0.8131925357912266,1.508814108874262,0.7554343925230819,0.3945641164965603,0.5248731245017658,0.1041853804247585,0.13818359375,0.4921875,0.36962890625,0.0507209028340043,0.0434354201011902,1.791950318882157,0.72725,1.1575,0.4927499999999998,0.12125,0.00125
NMK.2008.0006,Postmodernisme,0.2989308601224837,0.2354733849838632,1.5637689464875275,1.0719375213530125,0.8651575816244992,1.4588233516542737,0.8070962694133689,0.373372870428402,0.500801255545358,0.1257419845270927,0.08544921875,0.52783203125,0.38671875,0.0882842486974816,0.0565114855329872,0.7956859989414383,0.83725,1.2145,0.3862499999999998,0.06175,0.00025
NMK.2008.0110,Modernisme,0.4347141506686519,0.2134071158000335,1.6196984910690593,0.993705757958024,0.8676819332257812,1.6299561999531842,0.8731770477326609,0.4140896580805306,0.525057535126785,0.0933671441289129,0.095703125,0.537109375,0.3671875,0.0570096493005215,0.027430013219349,1.031731762042423,0.7525,1.28725,0.3932499999999999,0.066,0.001
NMK.2008.0111,Modernisme,0.482690637691431,0.2791037745770412,1.594521473253925,1.4321931247542072,0.8457864100718093,1.113341722112969,0.5905529114057516,0.3462752051672217,0.4827031594417629,0.1044813507683952,0.3974609375,0.48876953125,0.11376953125,0.0842154749178361,0.0705663359090321,0.5268146596891313,0.443,1.189,0.7244999999999997,0.13625,0.00725
NMK.2009.0087,Modernisme,0.94345125294399,0.517364434159802,1.739577565786011,1.6574944422644733,1.1328913416824282,1.049521779323506,0.6834959015843024,0.316457473969673,0.4403427531143579,0.1168950157515312,0.17041015625,0.50439453125,0.3251953125,0.1196205241072768,0.0638484150568872,-0.1963736881002634,0.37675,1.063,0.8844999999999996,0.1715,0.00425
NMK.2009.0116,Modernisme,0.6581368029537494,0.3466854610020705,1.6187036444515144,1.0897609614605457,1.0835466293586844,1.4853735968927184,0.9942966149290704,0.4049561767273757,0.5236133256658275,0.1354473140108706,0.08642578125,0.62060546875,0.29296875,0.0998690116148966,0.0506532251116223,0.3085695343559343,0.74225,1.175,0.4907499999999998,0.0875,0.0045
NMK.2009.0117,Modernisme,0.6018718452651158,0.2889531681557505,1.6117586234163308,1.1751027215948744,1.026654397563426,1.371588391558168,0.8736713012618411,0.4446910714572589,0.549210336133194,0.1277781874334144,0.1328125,0.5498046875,0.3173828125,0.1073866462169593,0.0567928249440153,-0.1485518368296105,0.627,1.215,0.5717499999999999,0.08425,0.002
NMK.2009.0164,Modernisme,0.5245484343264298,0.4426674215650344,1.7776926806527524,1.124346838184212,1.0433317592645692,1.581087827343247,0.927943936770954,0.4364782793632805,0.5448077512398916,0.1137774661293766,0.22705078125,0.58984375,0.18310546875,0.0710605018446483,0.0656442804435806,0.6976226888111142,0.3735,1.1445,0.8197499999999996,0.14925,0.013
NMK.2010.0161,Historisme,0.3463226494099006,0.2653835683016354,1.7699796342472642,1.0655875245447743,0.8282246422985764,1.661034811728486,0.777246210165785,0.4548727777417088,0.5812227852651511,0.08986578935064,0.29296875,0.498046875,0.208984375,0.0890522846916081,0.0684272494665487,0.2313177110041571,0.42375,1.18425,0.6732499999999998,0.1985,0.02025
NMK.2010.0162,Historisme,0.7492865669510343,0.4640770366728154,1.8062968164927733,1.3875615093731644,1.2332833903792568,1.3017768960252276,0.8888128513477901,0.3145819693127437,0.4496326562741488,0.1418449708587049,0.15771484375,0.5615234375,0.28076171875,0.1158055924203635,0.06006715911907,0.2499940588901435,0.3955,1.07075,0.8859999999999997,0.14375,0.004
NMK.2010.0164,Historisme,0.6674989710193305,0.3639932410431173,1.3688586150601862,1.330272183535183,1.1323747656005674,1.0290056448574445,0.8512347535949698,0.3647115089785737,0.4916442471131839,0.1477895889943625,0.19970703125,0.18798828125,0.6123046875,0.0719903906884237,0.0632027277418175,0.5884338351360716,0.56025,1.10775,0.6884999999999998,0.1435,0.0
NMK.2011.0001,Historisme,0.3538003149990681,0.290418677797148,1.707148263280442,0.9593708251587432,0.7796246346665892,1.7794438178314935,0.8126407449349349,0.4243995884722637,0.5646770534185757,0.0983950827361356,0.3349609375,0.458984375,0.2060546875,0.0828109782342985,0.0577655221772104,0.5546354599274412,0.55475,1.26425,0.5627499999999999,0.113,0.00525
NMK.2011.0320,Modernisme,0.5795087423631595,0.4406529348456641,1.7325049346639283,1.3548187628654484,0.971608462068732,1.2787715252984462,0.7171496081617357,0.5211469270764754,0.5956450576971839,0.118070641302829,0.25,0.45654296875,0.29345703125,0.0481179688889628,0.0511996222905235,1.2256906903838776,0.329,0.975,0.9384999999999996,0.24425,0.01325
NMK.2012.0160,Historisme,0.2800505639079171,0.2262701142035786,1.8157068994161236,1.096859041956598,0.8196286640295025,1.65536789559517,0.7472499978825327,0.4385644027008027,0.5498939016228124,0.114972387621369,0.248046875,0.431640625,0.3203125,0.0947684502847641,0.0665756504169063,0.1662889833383268,0.5335,1.0685,0.7307499999999997,0.15975,0.0075
NMK.2014.0078,Historisme,0.2108414510623383,0.1908992567300952,1.802510255146066,0.9919287855661814,0.8330981948743563,1.817175249069888,0.8398761757101931,0.3300998645857689,0.4705654076082541,0.1029073468405792,0.33203125,0.4541015625,0.2138671875,0.0948559942200584,0.0577281985798116,0.4241504328650256,0.53475,1.217,0.5574999999999998,0.1815,0.00925
NMK.2014.0144,Historisme,0.7014601084827721,0.2306853031771913,1.7790838202842736,1.2331400657238674,0.9801639409929256,1.442725305105245,0.7948514312249901,0.4935588560563073,0.6031406782583607,0.0906848755518333,0.28515625,0.45458984375,0.26025390625,0.0809228763950995,0.051364508578743,0.8210607915703269,0.39375,0.97625,0.8989999999999997,0.22,0.011
NMK.2014.0145,Historisme,0.5096284662379514,0.466563129177604,1.777817466459208,1.3859856524932572,1.043506680484323,1.2827089375363645,0.7528980734462013,0.3290770403230914,0.4685254945913379,0.0803011177059288,0.16162109375,0.6201171875,0.21826171875,0.0753846174799396,0.067009941435973,0.6005029338143087,0.4305,1.14275,0.7817499999999997,0.13975,0.00525
NMK.2015.0284,Jugend,0.3397883494300536,0.2310387542427132,1.844073516007176,1.0376503762024534,0.8123127437694689,1.7771609601251896,0.7828378224123136,0.4521162234598533,0.5841727484870769,0.105937599550724,0.26708984375,0.48828125,0.24462890625,0.1141222857962729,0.0641519355556788,0.0191588438000253,0.444,1.145,0.6982499999999997,0.18975,0.023
NMK.2015.0285,Jugend,0.3491981942633766,0.2333037604792577,1.8321573590856468,1.018017216007299,0.8084546125226497,1.799729445187561,0.7941455268781293,0.4812583660310239,0.6047916734016946,0.103527828542357,0.2470703125,0.48486328125,0.26806640625,0.1103540269780949,0.0622052654835081,0.0651077641481701,0.4475,1.137,0.7014999999999997,0.19775,0.01625
NMK.2015.0335,Postmodernisme,0.3468737901768317,0.2864287730730397,1.72679591816507,1.0543859301334957,0.8709167651988023,1.6377250787302924,0.8259935136795901,0.4373843299452949,0.5480076375995401,0.1064043226404695,0.1484375,0.54248046875,0.30908203125,0.1129186047166763,0.0579636645926536,0.339092908188588,0.602,1.222,0.5487499999999998,0.121,0.00625
NMK.2017.0169,Postmodernisme,0.1235668854572274,0.037518181605971,1.757726565881222,0.7174459816525294,0.4271651251901014,2.449974159529625,0.5953960865598624,0.3720629436156121,0.5506115474516811,0.0722686028745446,0.20703125,0.40966796875,0.38330078125,0.1156985883497321,0.0663126674642492,-0.0856244667268373,0.79175,1.02825,0.4872499999999998,0.1715,0.02125
NMK.2018.0423,Modernisme,0.5868922279664162,0.3212589034960398,1.5805847055655542,1.0942173886379467,1.0148492034589207,1.4444874277181754,0.9274649503214596,0.3902966897208713,0.5200306279692765,0.1388944964892901,0.09326171875,0.57470703125,0.33203125,0.085639078898562,0.0453245623871441,0.7826759625187656,0.69475,1.253,0.4889999999999998,0.062,0.00125
NMK.2021.0149,Modernisme,0.8940925794275124,0.4106044896792607,1.7310976477181144,1.2270679564087457,1.165950704148497,1.4107582452289449,0.9501916726512888,0.4336959581966685,0.5317677013657746,0.1062748132069877,0.2060546875,0.56787109375,0.22607421875,0.0651509447020189,0.0652132476222144,0.6797815229285173,0.394,1.12725,0.8662499999999996,0.108,0.0045
NMK.2021.0204,Postmodernisme,0.212175026869954,0.1364414506147248,1.7670707774786083,1.2257839187396449,1.1128282993253142,1.4415830627900983,0.9078495601573622,0.3951263879820859,0.5085586150137044,0.1012879817591593,0.35498046875,0.24755859375,0.3974609375,0.0576090741395287,0.0539608152407418,1.1257680217199693,0.45675,0.915,0.6909999999999997,0.3957500000000001,0.0415
NMK.2023.0091,Modernisme,0.799970732186824,0.2514651516374396,1.5799566501804445,1.173119045825667,1.13317486023777,1.3467987831274653,0.9659496180889292,0.5869423191887976,0.6769599151674744,0.1510937281156139,0.337890625,0.359375,0.302734375,0.0907917378033574,0.0626577971512702,0.4344154002367696,0.41625,0.92625,0.9304999999999995,0.22125,0.00575
NMK.INVENTAR.2017.0213,Jugend,0.5628023135952385,0.494830436673783,1.7552278239447512,1.230654206740128,0.8765674570807755,1.426254741646248,0.7122770474458947,0.4998267012531604,0.6100342546209702,0.1346329156553081,0.15380859375,0.59912109375,0.2470703125,0.0991402673260501,0.0652373020332169,0.1950984470985788,0.35425,1.0235,0.9439999999999996,0.16875,0.0095
OK-01630,Barokk,0.2189256711840682,0.144116488939955,1.7908744992486123,0.8102829964485428,0.697123101083415,2.210181253854175,0.8603441560476208,0.422141190460771,0.5638547446167851,0.0751280662690998,0.32373046875,0.45654296875,0.2197265625,0.1366138013762295,0.0520495343584712,0.0549950779917774,0.56725,1.23325,0.5344999999999999,0.158,0.007
OK-02256,Renessanse,0.488852032393277,0.2895169773473177,1.7929879944198133,1.0713479274956983,0.9240351628000488,1.673579865908824,0.8624969317512655,0.4996258748330608,0.6177850565790082,0.0865820058587484,0.265625,0.4833984375,0.2509765625,0.062540589434701,0.0596612502269121,0.8963692724356258,0.358,0.9995,0.8804999999999996,0.2415,0.0205
OK-02257,Barokk,0.3859069968375462,0.229238575045473,1.7855324169854128,0.908186834323044,0.7985531745335988,1.966038686607528,0.8792819550691667,0.4789605497009701,0.6181547369142297,0.0773047670033361,0.3037109375,0.4794921875,0.216796875,0.1081134856053337,0.0518558980582702,0.5055742774842338,0.411,1.162,0.7137499999999998,0.19975,0.0135
OK-02615,Historisme,0.2478417240947724,0.2381159542269663,1.8167434253017256,1.06592367612157,0.8453792533895702,1.7043825572291411,0.7930947395509528,0.3562258700154085,0.5022590704763282,0.0945752162075127,0.27978515625,0.4833984375,0.23681640625,0.1320514214545762,0.0551438536743345,-0.0073170578920476,0.52075,1.17425,0.6312499999999999,0.16125,0.0125
OK-02781,Barokk,0.151614892591112,0.1145199840850973,1.8238692592382253,0.8291531391357909,0.7233612509701763,2.1996745516330707,0.872408659412977,0.4016839999537409,0.5394326455218343,0.0803506009546997,0.376953125,0.36474609375,0.25830078125,0.0916034569539106,0.0679548063096113,0.1768171779070831,0.55625,1.09325,0.5767499999999998,0.25525,0.0185
OK-02782,Barokk,0.2347925472067107,0.1708035342520231,1.846609714695292,0.9160584503388588,0.8390230074051519,2.015818639294878,0.9159045377401976,0.408841625565447,0.542029940575309,0.0905983121941294,0.32666015625,0.42236328125,0.2509765625,0.1201330981452701,0.0536362485303153,0.2690781894865499,0.5095,1.1185,0.6542499999999998,0.2035,0.01425
OK-02817,Renessanse,0.2867745833836161,0.2299042836032716,1.8386780554587705,1.0732631247643902,0.8083599447083478,1.713164553844012,0.7531789482722198,0.4457695653452007,0.5727132484861491,0.0832626392666131,0.318359375,0.41162109375,0.27001953125,0.0919865539212493,0.0666545213207455,0.241215888040059,0.411,1.0745,0.7269999999999998,0.262,0.0255
OK-02880,Historisme,0.2514742891587128,0.208127750549338,1.7849805699317125,1.0142860660732476,0.6793028908638348,1.7598376531036322,0.6697343519263396,0.4691196106086577,0.5896417813057219,0.0783265758961796,0.37744140625,0.3583984375,0.26416015625,0.0721211224066145,0.0627594274033655,0.6747044275793683,0.5175,1.146,0.6502499999999998,0.1805,0.00575
OK-03077,Barokk,0.211048435955024,0.1143095331297622,1.6663734277283342,0.7309878707155169,0.6617059890248304,2.279615319036569,0.9052203330772052,0.4089729718590497,0.5511658209474382,0.0686061125978156,0.45166015625,0.37158203125,0.1767578125,0.1378021107007705,0.0537866919572306,-0.086605943869468,0.79075,1.14175,0.4447499999999998,0.12025,0.0025
OK-03078,Barokk,0.2363435476563156,0.1473012876135866,1.7841697461020094,0.8032219359848425,0.7693231620672021,2.2212634452655595,0.9577953113651124,0.4185093576384948,0.5574441480479098,0.0810603211752299,0.3359375,0.4453125,0.21875,0.1261856394012372,0.0522534347981743,0.1888664453244136,0.55425,1.20925,0.5679999999999998,0.16075,0.00775
OK-03079,Barokk,0.1672526674285081,0.1252712572901703,1.7711369593952642,0.7604177866892889,0.7166618660112929,2.329159918715896,0.9424568126880388,0.4159260729728237,0.5508885542042723,0.0688578848183375,0.4013671875,0.37353515625,0.22509765625,0.1363056101808547,0.0503697826159492,0.154278487241569,0.60225,1.17725,0.5357499999999998,0.18,0.00475
OK-03080,Barokk,0.171216316480898,0.1019087121283364,1.7429839752768106,0.7227693476650618,0.6796521288311088,2.4115322120056377,0.9403431270067344,0.4301935147955097,0.5644360355128663,0.0629680039604448,0.41259765625,0.369140625,0.21826171875,0.1193041020973696,0.0633269448297355,-0.1022564853084414,0.6165,1.19275,0.5027499999999998,0.179,0.009
OK-03888,Barokk,0.285631097150489,0.1688704871298965,1.7384242461451818,0.9380854024729957,0.7462596256238698,1.8531600517418487,0.7955126773574059,0.463359827095452,0.5701074025435179,0.0679900364173676,0.4287109375,0.3603515625,0.2109375,0.1019242665620539,0.0634661953741563,0.1597688108087823,0.51175,1.21275,0.6012499999999998,0.17125,0.003
OK-03889,Barokk,0.1510562554279854,0.0952270681966899,1.7311135713265091,0.7286657329747651,0.6018348348481639,2.375727466326448,0.8259397713838081,0.4577518869855487,0.5797057896419604,0.0699540091400822,0.478515625,0.2802734375,0.2412109375,0.1245191938475832,0.0564586717771755,-0.2187042631649158,0.65975,1.088,0.5679999999999998,0.18075,0.0035
OK-03890,Barokk,0.1466726253268952,0.0847508744329419,1.7511116130304971,0.7041869006730597,0.6255753979342826,2.4867107363770278,0.8883643092083241,0.4440103959477833,0.5713802618018595,0.0742015785917455,0.47705078125,0.27685546875,0.24609375,0.1040974383193738,0.0630551004866848,0.0564301639165061,0.64875,1.088,0.5447499999999998,0.21575,0.00275
OK-04953,Renessanse,0.4186727766784169,0.3782465407692565,1.7953166265463785,1.1310100228430136,0.916614269358748,1.5873555520559872,0.8104379628897531,0.4409871945517212,0.5735245597261036,0.1051504208771437,0.22265625,0.5,0.27734375,0.1295909450301055,0.0494850664551041,0.2599859666687072,0.40675,0.98675,0.8949999999999997,0.1955,0.016
OK-05229,Nyklassisisme,0.3879089185929613,0.3049277200952165,1.8728763515516376,1.2507977876580918,0.9423779126345206,1.4973442331666156,0.7534208714728315,0.3868552588718024,0.5225657198401894,0.1067663023639979,0.22607421875,0.53466796875,0.2392578125,0.0790165049100029,0.0661541991958127,0.4429970655792656,0.43075,1.03825,0.8039999999999997,0.203,0.024
OK-05233,Rokokko,0.325294922840662,0.2536881147351589,1.8001590144391308,1.1469846849348575,0.9047374319473204,1.5694694694828473,0.7887957485700482,0.4547902214092277,0.5746118079155718,0.1294514968546468,0.26953125,0.45703125,0.2734375,0.0786415225963132,0.0663785797236876,0.5432366290355208,0.464,1.06725,0.7499999999999998,0.194,0.02475
OK-05234,Rokokko,0.3351311330049999,0.2807542535878217,1.780932985057558,1.1514883619325058,0.9537031144416318,1.5466343363074395,0.8282344118586246,0.4239990032674515,0.5521692721563166,0.1174916037380843,0.2958984375,0.4560546875,0.248046875,0.0742606328056169,0.0637073840418128,0.5890299218479631,0.4685,1.0745,0.7499999999999998,0.1895,0.0175
OK-05235,Rokokko,0.3727497149269298,0.2911424624625848,1.8481305558801893,1.0837279718527415,0.8707041941269096,1.7053438672222887,0.8034335306532913,0.4294419468568181,0.5583008145128202,0.1241020958474817,0.26318359375,0.53369140625,0.203125,0.0868324311164244,0.0657296659523088,0.3360989553302922,0.5195,1.12975,0.6734999999999998,0.16,0.01725
OK-05237,Nyklassisisme,0.571276564224174,0.3563297566719146,1.762276752072074,1.1661553504161506,0.8514715874936294,1.5111839432535732,0.7301521680088405,0.4673871587172136,0.5624190428202511,0.0933867586286156,0.17724609375,0.5673828125,0.25537109375,0.0818176210728362,0.0737273444750749,0.3925919479055058,0.45325,1.21075,0.7254999999999997,0.1035,0.007
OK-05399,Renessanse,0.2319959072447163,0.144250479177828,1.7735059948589085,0.7698372802335336,0.7671515771049762,2.303738382976887,0.996510042176985,0.3667161195163604,0.4939148242731414,0.0791410898489472,0.27734375,0.568359375,0.154296875,0.1269382393206684,0.0516885303476762,0.3066248866920829,0.62725,1.27375,0.4827499999999998,0.11075,0.0055
OK-05400,Nyklassisisme,0.8159536312152705,0.2836649410096859,1.6150466935798082,1.2934924572943731,1.15238453093315,1.2485928587207813,0.8909086663210622,0.4722526228071845,0.5900405060093322,0.1012944994356054,0.37646484375,0.26513671875,0.3583984375,0.0709033542402654,0.0693629426770362,0.6445192602129558,0.31675,0.92875,0.9442499999999996,0.3045,0.00575
OK-05408,Jugend,0.2367072080399762,0.2000828766005254,1.8741367566374725,1.0718680172565944,0.7468769443298395,1.7484755380225934,0.6967987060969829,0.4480907015095705,0.5633042343227035,0.1053742158169638,0.26904296875,0.44970703125,0.28125,0.0979734888522885,0.0694538938933992,0.0716627124749837,0.549,1.0365,0.6914999999999998,0.197,0.026
OK-05413,Historisme,0.2955937345048483,0.2508473560287466,1.926710270049142,1.181202756629813,0.8488005522902271,1.6311413329283624,0.7185894453231404,0.420380782141536,0.5413756040463693,0.1159565944217768,0.2607421875,0.51416015625,0.22509765625,0.0820289979509914,0.0660544245351204,0.3349197105169941,0.51325,1.07475,0.7019999999999997,0.183,0.027
OK-05414,Historisme,0.3202323474566287,0.262604325741832,1.9016016006483203,1.1221726936620997,0.8278158824294586,1.694569754565033,0.737689617128669,0.4340558356295999,0.5534182344483419,0.1143576513010713,0.220703125,0.54931640625,0.22998046875,0.0833604175597215,0.0666227557131046,0.312397609502885,0.53325,1.09825,0.6922499999999997,0.15525,0.021
OK-05420,Nyklassisisme,0.3429602168543194,0.2401886377381055,1.8110536370690695,0.9789409459917277,0.7795556741659174,1.8500112744013255,0.7963247231950821,0.4801137716303477,0.5996242391386158,0.1040688746651299,0.21533203125,0.4921875,0.29248046875,0.0676242302710896,0.0679766678884986,0.6972348102134213,0.50875,1.12225,0.7027499999999998,0.15225,0.014
OK-05441A,Nyklassisisme,0.5833533394617456,0.4146994633651311,1.72827351859704,1.4056239858407331,0.9712755354322652,1.2295409771499788,0.6909919396824932,0.3611993201690199,0.4944519111413624,0.1261348778178963,0.15869140625,0.58447265625,0.2568359375,0.0823118050028991,0.0617304227722325,0.2967752211551545,0.5305,1.23975,0.6394999999999998,0.08475,0.0055
OK-05441B,Nyklassisisme,0.69553219415407,0.3900549435473018,1.6768887739276523,1.0535422685671194,0.9215867446331688,1.591665785315414,0.8747497821200839,0.4726302050643382,0.5833217626564382,0.0940154269362864,0.126953125,0.61083984375,0.26220703125,0.092268604251331,0.0670327005943036,0.2329851997676042,0.45,1.21325,0.7517499999999997,0.08075,0.00425
OK-05441C,Nyklassisisme,0.6231138568891132,0.4502975113325131,1.6997619536883433,1.4675080345257685,1.0726867092382326,1.1582633658113242,0.730957482374121,0.3261247731899345,0.4675661085409271,0.1515480550190779,0.15771484375,0.5849609375,0.25732421875,0.0854123587652945,0.0653331476189437,0.3818013091435042,0.50125,1.2475,0.6699999999999998,0.078,0.00325
OK-05441D,Nyklassisisme,0.432405495916858,0.3711707666821772,1.8282947883646696,1.4517600516313025,1.0805631381240757,1.2593634374680789,0.7443119767608297,0.329729540057222,0.4656115439502545,0.1377889258523745,0.1435546875,0.56396484375,0.29248046875,0.0906803114531119,0.0648554266807686,0.3751107223826433,0.46725,1.12925,0.7329999999999998,0.15675,0.01375
OK-05441E-1,Nyklassisisme,0.7904997302587891,0.4533347646336098,1.7207400298922968,1.0684786846593983,0.9625321485149816,1.6104564781134054,0.9008427229215968,0.4420034008979174,0.5595513762415553,0.0884582026670132,0.10791015625,0.64306640625,0.2490234375,0.0911224178142404,0.0651175768707326,0.1739919817527227,0.48525,1.231,0.7112499999999997,0.07025,0.00225
OK-05441E,Nyklassisisme,0.7450909652049993,0.415419934068625,1.653769531911295,0.9986142618012774,0.9245382249758064,1.6560627452541297,0.9258202436323149,0.4941965092163797,0.6004893175038631,0.0850516196760214,0.115234375,0.6201171875,0.2646484375,0.0922521820984996,0.0661406254426368,0.1686825903685824,0.479,1.214,0.7239999999999998,0.0795,0.0035
OK-05441F,Nyklassisisme,0.4906160172507601,0.366651918853315,1.7273317728888111,1.3202312682954849,0.8831681069998112,1.308354457294792,0.6689490388990758,0.420882459634914,0.541233453296545,0.1277201599118497,0.15478515625,0.544921875,0.30029296875,0.0904320867741147,0.0641847945557685,0.3194196250638256,0.49725,1.215,0.6902499999999997,0.09375,0.00375
OK-05542,Rokokko,0.3311871962717094,0.2443683196601591,1.870463098373421,1.0856782599806665,0.829083199798881,1.7228505391239857,0.7636538988629525,0.4629708074299032,0.5608432142424772,0.0923537263724421,0.26171875,0.48046875,0.2578125,0.0706061600632545,0.0694727932397953,0.6234705146888774,0.5005,1.11125,0.6987499999999998,0.17475,0.01475
OK-05553,Barokk,0.1845023624467057,0.1127861036012397,1.7150654411443207,0.6946585891946776,0.6821488504990212,2.4689293400996664,0.9819901158923608,0.4235133615231358,0.5634919262163733,0.0670438102537812,0.41552734375,0.3779296875,0.20654296875,0.1216216592440055,0.0586861984415496,0.0383452360476123,0.7095,1.178,0.4687499999999998,0.14075,0.003
OK-05656,Historisme,0.2414087069962394,0.2161864012852673,1.8640733980538688,1.1181379060480707,0.8075627116911213,1.6671214890842276,0.7222382722960208,0.3819366121134841,0.5214076417341185,0.1030015815363739,0.30029296875,0.4521484375,0.24755859375,0.0821231157070541,0.0679623165935933,0.4839961079788513,0.52875,1.1335,0.6424999999999998,0.17925,0.016
OK-06103,Barokk,0.2003946092554362,0.1535013476603813,1.8004823120990914,0.8903475580756129,0.7527433389633158,2.0222218543158297,0.8454479227666576,0.4196348695559532,0.5343594468645282,0.0825796688996031,0.384765625,0.369140625,0.24609375,0.0916577471424144,0.0664008547136459,0.3138812657851059,0.56475,1.17725,0.5722499999999998,0.17925,0.0065
OK-06104,Barokk,0.2194225903914789,0.1438194148794265,1.8063303420109331,0.8170567283560078,0.788431792149666,2.2107744401921625,0.9649646099499728,0.4403620256464441,0.5553589335812961,0.0833668668851518,0.3876953125,0.3671875,0.2451171875,0.0852010366746345,0.0627998594710953,0.40048186525018,0.541,1.18475,0.5842499999999998,0.18225,0.00775
OK-06105,Barokk,0.1828781408756712,0.1513108352619638,1.7350880050043394,0.8430610386480972,0.7096504038732898,2.058078676851186,0.8417534787964818,0.4146955702970703,0.5345553870514512,0.0817798394731155,0.42333984375,0.35400390625,0.22265625,0.0942523128248758,0.0647551696597683,0.1741227983680503,0.594,1.20675,0.5494999999999998,0.1465,0.00325
OK-06213A,Nyklassisisme,0.4504454886064641,0.42836463983397,1.7112484213882224,1.4032643682660884,1.2555697695325838,1.2194759879969717,0.8947486326723783,0.2640007861452473,0.4135850004885404,0.172643387036377,0.2412109375,0.57958984375,0.17919921875,0.0943058013701241,0.0707681774398236,0.1041519004289459,0.5165,1.14375,0.7299999999999998,0.10425,0.0055
OK-06213B,Nyklassisisme,0.470159544008362,0.4037213338796576,1.7673436621248586,1.2256321172689295,0.8397504074209349,1.4419842587666194,0.6851564269837497,0.4284436409565912,0.5534942106790072,0.1663488586958775,0.17431640625,0.61083984375,0.21484375,0.0805258652179415,0.0640963229786761,0.3913348849548719,0.51525,1.167,0.7007499999999998,0.10975,0.00725
OK-06213C,Nyklassisisme,0.47573792955883,0.4186173510565988,1.7480393161154253,1.2603893051225867,0.8551072177610497,1.3869031751600227,0.6784463624368178,0.4233079206867722,0.5501599716355011,0.1678957116885805,0.1650390625,0.6083984375,0.2265625,0.0871200977590385,0.0683942781823204,0.2891068939254895,0.5315,1.164,0.6937499999999998,0.103,0.00775
OK-06434,Nyklassisisme,0.4410822046466294,0.2794079243143467,1.7704159466838831,1.098117123782998,0.8883404904743704,1.6122272352493656,0.8089662407301438,0.4652454615751702,0.5718291032674677,0.1242997944417643,0.232421875,0.48486328125,0.28271484375,0.1032754246312515,0.0691352776970612,0.0199721109381945,0.4665,1.1075,0.7722499999999998,0.14475,0.009
OK-06494,Jugend,0.3354073288113723,0.274741393465633,1.845761628801253,1.0635561253477637,0.785653147517684,1.7354607334304897,0.7387032899251086,0.4778015232329679,0.6010648527441715,0.1087988253660776,0.22900390625,0.5380859375,0.23291015625,0.0915112791528665,0.0724221849008315,0.2363381079477144,0.50025,1.12575,0.6964999999999997,0.1575,0.02
OK-06495,Jugend,0.400775399770913,0.2616687142691973,1.8316829390464515,0.967461815302016,0.8405595133092385,1.8932851062339269,0.8688287549809739,0.4682744738353886,0.5995691588539543,0.1047015463679251,0.21142578125,0.5703125,0.21826171875,0.0919194389899231,0.0718547736893642,0.204767362712017,0.51975,1.1405,0.6867499999999997,0.13825,0.01475
OK-06594,Nyklassisisme,0.6003080483279367,0.4330094506493076,1.8609818410871424,1.2302385555420825,1.0013133357953357,1.5126987526158149,0.8139173637236249,0.4397777210228331,0.5424751089677223,0.1248477294902785,0.19140625,0.59228515625,0.21630859375,0.1289202945722981,0.0557764902740726,0.1023295261092965,0.435,1.09525,0.8114999999999998,0.1405,0.01775
OK-06595,Nyklassisisme,0.408839138715498,0.3741126576425122,1.8683369291679612,1.2894033031760483,1.062629790773662,1.448992317278523,0.8241245885066479,0.319701268534054,0.4536715913412846,0.1233843848279411,0.283203125,0.51513671875,0.20166015625,0.0702774280756959,0.0637582252202353,0.6913019296958309,0.4715,1.12825,0.7332499999999997,0.15375,0.01325
OK-06596,Nyklassisisme,0.3637429781318816,0.2987836900079647,1.90584321261356,1.1476628516671137,0.9186817261152632,1.6606284234230293,0.8004797962232345,0.4173898395848311,0.5360779622768699,0.1038358129557383,0.27490234375,0.482421875,0.24267578125,0.0807751687867942,0.0672132051231481,0.4306285096444461,0.43325,1.045,0.7914999999999998,0.20725,0.023
OK-06597,Nyklassisisme,0.4025406706569285,0.3328652988860306,1.8746746303768176,1.2061694880958098,0.915834179288916,1.5542368586188675,0.7592908202676639,0.3927520414866701,0.5158951214302447,0.1083576726224481,0.240234375,0.5400390625,0.2197265625,0.0786588978784451,0.0697039198054135,0.5208389581985402,0.479,1.088,0.7722499999999998,0.144,0.01675
OK-06598,Nyklassisisme,0.385961552988321,0.3404708379067879,1.89493411289322,1.1655972209319752,0.9044664412551712,1.625718089530105,0.7759675890136387,0.4091901312417237,0.5250124380737184,0.1163251307473688,0.2587890625,0.533203125,0.2080078125,0.0724736453992263,0.0637000701291043,0.5988527731817899,0.452,1.0865,0.7809999999999997,0.15925,0.02125
OK-06612,Nyklassisisme,0.3537511999831632,0.2700693923123851,1.863259049593856,1.1855943583530966,0.9249805342426788,1.5715809246943224,0.780182317454046,0.4043105784958896,0.5364763590084416,0.0898883596697064,0.2568359375,0.490234375,0.2529296875,0.085090369837991,0.0669374392808565,0.3454741321410016,0.40425,1.05975,0.7984999999999998,0.214,0.0235
OK-06615,Nyklassisisme,0.3169574311529131,0.2278348605894119,1.787099958098248,1.1337049250932585,0.8480939694383417,1.5763346724603575,0.7480722740057812,0.422572021155142,0.5483998777827331,0.0892304994310851,0.216796875,0.494140625,0.2890625,0.0909836336310013,0.0635662218460117,0.2211907710850657,0.4675,1.105,0.7257499999999997,0.19025,0.0115
OK-06616,Nyklassisisme,0.540955917014808,0.3718400556374033,1.827221829843218,1.161577882245879,0.9327955693835828,1.5730501456003896,0.8030410879888326,0.4357052719815462,0.5456747131551184,0.1114825096818478,0.26416015625,0.5693359375,0.16650390625,0.0822657327885259,0.0580966195301683,0.8007582975440283,0.4765,1.21375,0.6779999999999998,0.12225,0.0095
OK-06624,Barokk,0.211860257959658,0.1402848002844398,1.8193091677262132,0.8026663151964618,0.7252740585438509,2.266579357701786,0.9035799076561776,0.4117870057228648,0.5454807049885646,0.0745864972384904,0.353515625,0.41748046875,0.22900390625,0.1096110773021935,0.0604827626817203,0.1390349509939509,0.60075,1.19875,0.5357499999999998,0.158,0.00675
OK-06659,Nyklassisisme,0.5733386563632669,0.3191169079727337,1.758102981501298,0.9554283416508224,0.9472429285501902,1.8401182639666367,0.9914316917601804,0.428442001209691,0.5628492029418578,0.0944256059960905,0.18798828125,0.6806640625,0.13134765625,0.0851947444512213,0.0666773006750637,0.4789273083897309,0.5875,1.237,0.5849999999999999,0.08175,0.00875
OK-06661,Nyklassisisme,0.5786625519791267,0.3696215100172603,1.7728032041167414,0.9949799084128446,0.9508984178665982,1.7817459502259687,0.9556951393001448,0.4508091717440725,0.5765687314286757,0.0909321286738851,0.19189453125,0.67529296875,0.1328125,0.0841899557461287,0.0691887585761349,0.3282857438699361,0.56025,1.25675,0.5902499999999998,0.083,0.00975
OK-06892,Barokk,0.2243912323740548,0.1780752807833146,1.8332898413634444,0.933225895636422,0.7381791722350399,1.9644631438887288,0.7909964615107159,0.434176197823869,0.5574340198894819,0.0915372028196588,0.35009765625,0.41357421875,0.236328125,0.078435347751905,0.063697716114095,0.4585033121330755,0.591,1.11325,0.5917499999999998,0.1875,0.0165
OK-06893,Barokk,0.2820159804421535,0.2051021391105948,1.827461816669534,0.9280085480998572,0.7477413936334986,1.9692273860881573,0.8057475218488149,0.4408561864657613,0.5662168541087592,0.0922077723728864,0.279296875,0.509765625,0.2109375,0.0912609828618213,0.0599305415886985,0.4247979291345899,0.59275,1.17625,0.5699999999999998,0.145,0.016
OK-06932,Barokk,0.2515496038597187,0.1691012975775747,1.729721609173549,0.8800146562685103,0.7538404547298445,1.9655577680379093,0.8566216400357232,0.4371643868459678,0.5620150258297469,0.0915327476176104,0.45166015625,0.3134765625,0.23486328125,0.1026828781354638,0.0666986074048985,0.1392200168441318,0.52575,1.16,0.6192499999999999,0.19125,0.00375
OK-06939,Rokokko,0.680918798909049,0.2436886345389516,1.7180565275766184,1.0057228168612178,0.9242159219698708,1.7082786534165346,0.9189559862013346,0.4847405353070704,0.6076056987190106,0.0906716976655361,0.18017578125,0.5478515625,0.27197265625,0.0779688417578042,0.0605489544870196,0.4148383390022797,0.4745,1.13925,0.7677499999999997,0.11025,0.00825
OK-07061,Barokk,0.4476701856141733,0.2130517259091208,1.7887058673925835,0.9017289184227292,0.8673231369714511,1.9836381502360685,0.9618435844831884,0.486687789908738,0.6121477851048933,0.0738726121047446,0.36181640625,0.41943359375,0.21875,0.1273342677403466,0.0499182684485073,0.2207814887894596,0.43225,1.11925,0.7327499999999997,0.2065,0.00925
OK-07062,Barokk,0.3744080913850077,0.1649874301510568,1.8692502707245424,0.9059137925542888,0.8990671803306993,2.063384201348631,0.99244121822508,0.4898973102442873,0.618649268988004,0.0760158825328408,0.3271484375,0.42138671875,0.25146484375,0.1027946472465601,0.0543594583708318,0.3677001858477999,0.42325,1.10025,0.7119999999999997,0.24375,0.02075
OK-07063,Rokokko,0.4299295826535008,0.3740453058672085,1.7680527071643442,1.0847642920643,0.8598190642540078,1.6298942454175993,0.7926314296226963,0.4432572997806353,0.5676729901023337,0.0782521466641331,0.29345703125,0.5205078125,0.18603515625,0.1085526787295375,0.0601314084153207,0.0309547882324334,0.4665,1.1855,0.6967499999999998,0.14275,0.0085
OK-07243,Nyklassisisme,0.3672254595166629,0.283144394140688,1.9234797967867248,1.149063409879537,0.862660726894221,1.673952983182531,0.7507505405938548,0.4223566944047673,0.5262735915743805,0.095758499887955,0.22607421875,0.541015625,0.23291015625,0.0894891064588229,0.0637303609762645,0.1843773451708873,0.50075,1.084,0.7272499999999997,0.17125,0.01675
OK-07252,Rokokko,0.3957953239334947,0.2721409244736411,1.8730379960202064,1.1028542318706749,0.8796078369446227,1.6983534573646075,0.7975732548800831,0.4314930639862225,0.5476643837470409,0.1012454570118252,0.26611328125,0.52734375,0.20654296875,0.085401396120818,0.0678945467335201,0.2978666582505635,0.493,1.1265,0.7014999999999997,0.16225,0.01675
OK-07253,Rokokko,0.3920867080449379,0.2924440056699728,1.8632674464791468,1.0986193707706873,0.8623341610827144,1.6960066425603015,0.7849246054647459,0.4553948775749034,0.5661198036398177,0.1106028017370001,0.291015625,0.50244140625,0.20654296875,0.0825665506253433,0.0676635155824021,0.3806012573741916,0.47575,1.09125,0.7402499999999997,0.16875,0.024
OK-07255,Rokokko,0.4095048053955785,0.2952522726290397,1.9110594657074325,1.1200972542050738,0.8799509361518654,1.7061534187138776,0.7856015602634437,0.4516426699988104,0.5617958927708612,0.1088856609118821,0.251953125,0.5205078125,0.2275390625,0.0752636765296174,0.0661998092425284,0.5665456867110991,0.457,1.08025,0.7549999999999998,0.1885,0.01925
OK-07280,Barokk,0.4116878780401047,0.2868513024309928,1.8405852258303703,0.9925320829645315,0.8940154597382828,1.8544321165928768,0.9007412196961808,0.4157530123873635,0.5490667992625369,0.0879634561889322,0.2421875,0.591796875,0.166015625,0.1005210441135784,0.0616742769152901,0.3434346892290368,0.511,1.233,0.6242499999999999,0.11925,0.0125
OK-07281,Nyklassisisme,0.4420291732064873,0.4109479095354544,1.780342930455541,1.158357811368925,0.8457818637344854,1.536952896617213,0.7301553330741772,0.3559144161132429,0.4925251613944655,0.106581357785224,0.2734375,0.58203125,0.14453125,0.076096776716242,0.0614541405028285,0.5165565977022742,0.5145,1.2815,0.6089999999999998,0.08775,0.00725
OK-07282,Nyklassisisme,0.4485944635883475,0.3522241955096297,1.841737979539277,1.231634744322185,0.9204162353741572,1.4953593122233182,0.747312051974179,0.3942732673712755,0.5328766954153409,0.1165191444209448,0.2001953125,0.6240234375,0.17578125,0.0886281453446099,0.0651919096934483,0.4068950835116173,0.545,1.19125,0.6444999999999999,0.106,0.01325
OK-07283,Nyklassisisme,0.447529837920999,0.349426944680783,1.8424993986790448,1.1874630613491972,0.9400330709205804,1.551625399581017,0.7916307545783865,0.3585008234458864,0.4937411017933425,0.1148299010545185,0.2646484375,0.568359375,0.1669921875,0.0857678090867458,0.0641573005618722,0.4574892602522833,0.48425,1.2165,0.6657499999999998,0.12675,0.00675
OK-07456,Rokokko,0.7708395004086848,0.6647306338740054,1.5220732005106286,1.4412848317263578,1.336448243792491,1.0560522881762493,0.9272610708950816,0.5523335148164005,0.5901391649491556,0.1730872802231873,0.341796875,0.3095703125,0.3486328125,0.0741060607369204,0.0623961062336048,0.7769180701483855,0.31675,0.7935,0.9597499999999995,0.4270000000000001,0.003
OK-07610,Barokk,0.2189457703517121,0.1593513260674289,1.833286136970469,0.9060196427790148,0.7728245092572774,2.0234485291055573,0.8529877496905719,0.3981756142909922,0.534141041741779,0.0701219560249884,0.33056640625,0.4306640625,0.23876953125,0.1115145518035579,0.0637952828238573,-0.0444978171978188,0.4935,1.185,0.6202499999999999,0.1895,0.01175
OK-07611,Barokk,0.2560303495736091,0.208694202000649,1.8263151093019605,0.9669155807285096,0.824125624144445,1.888803176718667,0.852323396423215,0.4059815877750875,0.5376442946939467,0.0699654664275435,0.30908203125,0.466796875,0.22412109375,0.1314674695168952,0.051924464388533,0.1203478037613231,0.4965,1.204,0.6182499999999999,0.16975,0.0115
OK-07968,Barokk,0.1629907958456505,0.1395094208220539,1.717288382644052,0.7193585440858132,0.582180859174936,2.387246261987725,0.8093044208022449,0.4346297069553372,0.5701910127717692,0.0787206456722215,0.4072265625,0.39892578125,0.19384765625,0.1259326015418481,0.0521236839509033,0.1592797731576427,0.68225,1.23125,0.4502499999999998,0.134,0.00225
OK-08045,Jugend,0.5275935218702044,0.3873915103340409,1.7684254479235433,1.2939513125024704,0.8788487325027572,1.366685179072368,0.6791971574308534,0.4798639901861512,0.5696884517962184,0.0819716907176337,0.22607421875,0.4755859375,0.29833984375,0.1072563244738308,0.0629962752927797,0.0412914404527899,0.3945,1.11125,0.8334999999999997,0.15625,0.0045
OK-08489,Barokk,0.2943632559719025,0.1921012828799937,1.9219552616081867,1.0479213131126262,0.8342166575897119,1.834062733046914,0.7960672724983325,0.4384838761546897,0.5574329579841909,0.1317850085568671,0.35205078125,0.37255859375,0.275390625,0.1209117624017335,0.0501925183006038,0.1137482723856327,0.44125,0.93825,0.7642499999999998,0.30375,0.0525
OK-08490,Nyklassisisme,0.4140161554072921,0.3301330357100138,1.8480891309845224,1.117471377606046,0.9121415041604636,1.6538119134037763,0.8162541843893615,0.4360837795372246,0.5549783677134221,0.0753886765808098,0.30126953125,0.501953125,0.19677734375,0.075030762238842,0.0618183322536338,0.5099102633544238,0.40175,1.10175,0.7864999999999998,0.1965,0.0135
OK-08491,Nyklassisisme,0.3561509511230439,0.280739715767343,1.909588189404361,1.1653110896218664,0.8708193523737704,1.6386925068493934,0.7472842340941848,0.4566317116860185,0.5703256106597294,0.0783896323030919,0.29345703125,0.4677734375,0.23876953125,0.0842396472452631,0.0635823385450841,0.2915717897520914,0.3965,1.0505,0.7887499999999997,0.237,0.02725
OK-08607B,Barokk,0.4121806519003018,0.268758956565906,1.7948192248236887,1.0075501759026784,0.8397265643508387,1.7813678031944002,0.8334331639269009,0.405668636196449,0.5332346005191241,0.1101129583936365,0.24072265625,0.60302734375,0.15625,0.104709184951498,0.0568103893179597,0.5827935857825558,0.7505,1.153,0.5052499999999999,0.08425,0.007
OK-08608A,Rokokko,0.3113803087628728,0.2325297535826743,1.8551504586635224,1.1399398095470912,0.9370360129888052,1.6274094611987713,0.8220040945468898,0.4174590697785983,0.5503501649030474,0.1175782990459885,0.26708984375,0.46728515625,0.265625,0.0782606537692463,0.0674411034146925,0.5136484319645724,0.48675,1.0255,0.7437499999999997,0.21225,0.03175
OK-08608B,Rokokko,0.3332441451356898,0.2809995954510061,1.7977103166896744,1.112991277409305,0.8732100811278121,1.6152046633011483,0.7845607726590609,0.4452131287138967,0.573164353109616,0.1453411227007501,0.2568359375,0.50146484375,0.24169921875,0.1001525085993626,0.0698319031887606,0.0269393335436434,0.5095,1.07825,0.7177499999999998,0.1725,0.022
OK-08663A,Nyklassisisme,0.272278834492871,0.2377487714036208,1.908372672354632,1.0793832180940446,0.8486932526759536,1.7680198027393796,0.7862753952198408,0.4346568401356024,0.5545552138484262,0.0967321263812259,0.30078125,0.4296875,0.26953125,0.0877699519726218,0.0604963148875954,0.2029760450519198,0.4395,1.04225,0.7632499999999998,0.2395,0.0155
OK-08663B,Nyklassisisme,0.3565131765800762,0.274102324733099,1.8978849669935527,1.1065848561991736,0.8961515063289089,1.7150815333138998,0.809834592868329,0.4319111627627306,0.5558704593475833,0.0928955269902387,0.2841796875,0.46875,0.2470703125,0.084706531977095,0.0628847424786153,0.3322064100686659,0.405,1.09525,0.7784999999999997,0.20775,0.0135
OK-08807,Renessanse,0.644181282837457,0.1339828128002199,1.5064221371984567,1.262229770949952,0.6981853966856788,1.1934601594799714,0.5531360926657066,0.6993961504430859,0.7847835418743684,0.0651291546036983,0.34423828125,0.3212890625,0.33447265625,0.1260254151662323,0.0565802105594985,-0.070696398035512,0.34375,0.958,0.8054999999999998,0.3717500000000001,0.021
OK-08920F,Nyklassisisme,0.4017739390903139,0.3397749492685426,1.757893450013108,1.183943126768488,0.8066350615922107,1.4847773727390194,0.6813117640896432,0.4325656252075273,0.5503986466445194,0.1264903734911374,0.1689453125,0.57421875,0.2568359375,0.0584764549765022,0.0653091692023754,1.0190202080740294,0.4885,1.15725,0.7329999999999998,0.1145,0.00675
OK-09215,Renessanse,0.2909737482657163,0.2407002361052711,1.7133287292201214,0.8957608379896318,0.695102269172019,1.9127056507177889,0.7759900452245707,0.4896184824081964,0.6071177192023159,0.071492879967933,0.34423828125,0.439453125,0.21630859375,0.0629275100347655,0.0628186924251152,0.8109911021841995,0.48625,1.26775,0.5792499999999998,0.1625,0.00425
OK-09250,Barokk,0.2272386002878869,0.1576078324159199,1.7852435670955265,0.8232375852144248,0.7506419313728203,2.1685615800315445,0.9118157783837408,0.4287814217971998,0.560515577153795,0.0744481124792565,0.34619140625,0.43212890625,0.2216796875,0.0882234601374336,0.0595689635466269,0.4646700244713367,0.54575,1.225,0.5304999999999999,0.1915,0.00725
OK-09251,Rokokko,0.3118652019813167,0.2232824486385037,1.8535701160680067,1.081340569228653,0.8157615522849901,1.7141393328568724,0.7543976625876804,0.4480954212740339,0.5606805379094495,0.1486994627513254,0.26513671875,0.43505859375,0.2998046875,0.0993943657392836,0.0681264766798958,0.1710910037153807,0.493,1.09225,0.7189999999999998,0.1835,0.01225
OK-09267A,Nyklassisisme,0.3642849198125836,0.25629021511579,1.7997057705254953,0.9841531808003884,0.8439278649619046,1.8286827467032032,0.8575159069847763,0.400649152586633,0.5098854358575522,0.0932097078161561,0.3544921875,0.46875,0.1767578125,0.0665719882773025,0.0635089970028394,0.7540953011917187,0.52775,1.23425,0.5822499999999998,0.14475,0.011
OK-09267B,Nyklassisisme,0.3677750345001132,0.269511676652209,1.8226251296013372,1.0001039399078542,0.8573503537338254,1.822433883557527,0.8572603929071868,0.4108588370105699,0.5255137254668978,0.0971589536648338,0.33544921875,0.478515625,0.18603515625,0.0720720036128532,0.0692835093543883,0.6910821665442025,0.51575,1.209,0.6352499999999999,0.1305,0.0095
OK-09309,Nyklassisisme,0.3063055441720885,0.1866965297008924,1.8861465591605269,0.993450441195227,0.8774200069581002,1.898579518784827,0.883203718444931,0.4217101857072277,0.5253947921062933,0.0936225876837992,0.26513671875,0.451171875,0.28369140625,0.066361577011426,0.0581476017439682,0.7331175782665946,0.5005,1.11425,0.6989999999999997,0.1685,0.01775
OK-09417,Nyklassisisme,0.3644907889676466,0.3615358634882178,1.881843065860422,1.199138307779008,1.1412361832872508,1.5693281453227377,0.9517127625488296,0.2811088960493896,0.4146930461287999,0.1011631963059255,0.22412109375,0.58203125,0.19384765625,0.0893988013495447,0.0655287711495904,0.1767055949473448,0.5125,1.17725,0.6714999999999998,0.12225,0.0165
OK-09687,Barokk,0.2413339790355115,0.1757858174621584,1.6848139353517602,0.7760524531531316,0.6312368932467032,2.1710024335389573,0.8133935757671925,0.4771597579584896,0.6112102838505062,0.0706089323036804,0.37939453125,0.40478515625,0.2158203125,0.1274054655326679,0.0492485889219846,0.1927551660111746,0.574,1.275,0.5272499999999998,0.12175,0.002
OK-09688,Barokk,0.2112806894135762,0.161624635214422,1.7929007410272186,0.8349123047050799,0.6695936395855866,2.147409474640643,0.8019918185662522,0.4608512567610611,0.5792616311511125,0.0646231447564854,0.375,0.37255859375,0.25244140625,0.1308050289661849,0.0581356894904473,-0.1477018748359587,0.50825,1.19275,0.5894999999999998,0.20175,0.00775
OK-09691,Barokk,0.2922042070645962,0.2136555167863777,1.8099934901394965,1.149294427861702,0.8803951846162621,1.5748722619623077,0.7660303550099937,0.3765076799622048,0.5101290336565119,0.11620838286066,0.3564453125,0.42626953125,0.21728515625,0.099701315875609,0.0639111518522322,0.1789380704451841,0.46525,1.14125,0.6777499999999999,0.206,0.00975
OK-09692,Barokk,0.1954447545648149,0.0939993754038765,1.7256951869322832,0.6523228678433208,0.631368122120662,2.645457681377943,0.967875243026226,0.5153054290755104,0.6616443356045122,0.0772260071153904,0.3935546875,0.3583984375,0.248046875,0.1150139012951917,0.0597924985623469,0.0502351175098135,0.58675,1.1465,0.5597499999999999,0.19975,0.00725
OK-09693A,Barokk,0.1630655616201922,0.1194386532921507,1.8151312234010737,0.8381172446857754,0.6987775190019209,2.165722122039709,0.8337457434349306,0.4200373242529492,0.5441782781965241,0.0839212188125119,0.41650390625,0.33203125,0.25146484375,0.0794867219303314,0.0635934712161767,0.4803322842738458,0.6275,1.096,0.5687499999999999,0.19925,0.0085
OK-09693,Barokk,0.166344962076099,0.1448135891353908,1.7775901804314946,0.9041979495443256,0.6593720089223563,1.9659281636273935,0.7292333277478913,0.3899841498400772,0.5194801446128978,0.077636851885744,0.421875,0.3486328125,0.2294921875,0.0805340846791645,0.0615748525424661,0.4534889204250727,0.676,1.16325,0.5159999999999998,0.14,0.00475
OK-09694A,Barokk,0.2558867266100803,0.1877713339166721,1.896785728989176,0.912911918443851,0.8024869679112497,2.077729091863912,0.8790399957086453,0.4462661169039357,0.5698020148632921,0.094853517861677,0.29736328125,0.451171875,0.25146484375,0.0775066615759968,0.0631321195617845,0.5080436361203957,0.51525,1.094,0.6534999999999999,0.20525,0.032
OK-09694B,Barokk,0.2720510484066293,0.1814173477424847,1.8601621374633288,0.9002950554804854,0.8012886584683363,2.066167152615775,0.8900279564600456,0.4192492738443213,0.5520833705699124,0.0934442520999401,0.30859375,0.455078125,0.236328125,0.0860044060591055,0.0670155720296135,0.2683846816110713,0.54925,1.13575,0.6264999999999998,0.1685,0.02
OK-09696A,Barokk,0.5289697693516993,0.4132645387645934,1.7241677335945722,1.1124988814669143,0.8307158142670373,1.5498138582461043,0.746710923844483,0.4006616815845228,0.5329723243148065,0.1376873415926459,0.24169921875,0.63623046875,0.1220703125,0.069348239515541,0.0619478523359499,0.6780206187075439,0.74675,1.2645,0.4412499999999998,0.04425,0.00325
OK-09696B,Barokk,0.4339548143193638,0.3491800118311236,1.7839104374580568,1.062566233935228,0.8769203181274099,1.6788682922692124,0.8252845468231945,0.396743120298685,0.5289865206918442,0.1296119227631214,0.20361328125,0.65625,0.14013671875,0.0819963629311779,0.0659313567101577,0.5480745161732101,0.7325,1.2045,0.4962499999999998,0.0595,0.00725
OK-10141,Renessanse,0.4885489962443429,0.3193219282946106,1.7508866906009812,1.17898702834973,0.903839922904342,1.4850758858440298,0.7666234950404694,0.5350391254727395,0.6306698289530451,0.097837434223878,0.2607421875,0.5068359375,0.232421875,0.0849232867972022,0.0671286352189241,0.3039769344312754,0.314,0.92775,0.9667499999999996,0.25825,0.03325
OK-10161,Barokk,0.2242238530592887,0.13978273023175,1.6342198383449786,0.6714118063099839,0.5818712974763953,2.4340015903576275,0.8666371746382087,0.5303036661276089,0.6524012660032676,0.0605969125873609,0.40283203125,0.40966796875,0.1875,0.1161223120990845,0.049557572998091,0.3785776967137854,0.666,1.253,0.4569999999999998,0.1215,0.0025
OK-10343,Renessanse,0.1531952555235276,0.107686034064137,1.925414874377212,0.986578746973392,0.8614752739190814,1.95160591962683,0.8731937550531487,0.3939260740525027,0.5284780765699777,0.0277278771289074,0.30859375,0.41845703125,0.27294921875,0.0995325105961858,0.0592290585012676,0.2282935147591575,0.51925,1.06625,0.5982499999999998,0.2495,0.06675
OK-10648,Nyklassisisme,0.3913699945908356,0.2682896502874787,1.8434097381110992,1.1140818531511232,0.8544948108111869,1.6546433085269328,0.7669939523746323,0.4622458560422267,0.5814665394685906,0.0832435907620974,0.27783203125,0.478515625,0.24365234375,0.0791646541093881,0.065832702916232,0.5761532062936421,0.4295,1.08875,0.7569999999999997,0.207,0.01775
OK-10700,Renessanse,0.802595012714669,0.4500919119935949,1.6691404672274333,1.3600632582616052,1.2150423168052695,1.2272511810294024,0.893371257589183,0.3582749617000691,0.4844509971939875,0.0854334488839059,0.2587890625,0.54736328125,0.19384765625,0.1067010790030839,0.0553526221474534,0.3417813445935777,0.37875,1.13425,0.8672499999999996,0.1185,0.00125
OK-10862A,Barokk,0.2242305311876198,0.1668266232659356,1.8018801632823096,0.8812336930883992,0.7159320329731929,2.044722226002464,0.8124192551522431,0.3948727735752792,0.5292692223439169,0.0637582901358976,0.35693359375,0.42578125,0.21728515625,0.0945438380211654,0.067237187644244,0.2500839896138202,0.5765,1.22975,0.5372499999999998,0.14975,0.00675
OK-10862B,Barokk,0.2422389182383683,0.1622990005994515,1.7882292089948135,0.8487759681421625,0.7661543564069562,2.106830505673313,0.9026568641276236,0.4013999305407247,0.5359085056301556,0.0682026432402291,0.34130859375,0.451171875,0.20751953125,0.097599500566481,0.065435848098407,0.0919249838719549,0.58075,1.24425,0.5222499999999998,0.1485,0.00425
OK-10862D,Barokk,0.2157921983408344,0.1767747782039761,1.8915711531230923,1.0090745995404908,0.7808507872716263,1.8745584116635756,0.7738278357213347,0.4108293360358701,0.5338580668102366,0.0727734165370943,0.23876953125,0.4951171875,0.26611328125,0.1104249370060534,0.0559488282647002,0.4132072676387141,0.594,1.13875,0.5964999999999998,0.1555,0.01525
OK-10862E,Barokk,0.2548649025370331,0.1873890356697233,1.8440558312375372,0.8891686288172649,0.8088490441964022,2.073907802823204,0.9096678721160308,0.407239892277917,0.5347525402114287,0.068653320345916,0.283203125,0.50146484375,0.21533203125,0.1115295348840955,0.0606930690511852,0.0332565765770744,0.55425,1.19925,0.5742499999999998,0.163,0.00925
OK-10888A,Nyklassisisme,0.4338354389884341,0.3155631853811473,1.7235769732143793,1.1545529107785226,0.7941717950572643,1.4928510112205684,0.6878602962089051,0.4553352979274583,0.5708699276874328,0.1338137756551703,0.1767578125,0.5693359375,0.25390625,0.0828935138272884,0.0669447540024962,0.3660931211033009,0.5255,1.15475,0.6994999999999997,0.11475,0.0055
OK-10888B,Nyklassisisme,0.4292733320141305,0.3205687544411191,1.7353266836873231,1.173483351411962,0.8325764523938677,1.4787812735630776,0.7094908861733806,0.4368160565127458,0.5603624442547838,0.1390895873527538,0.18505859375,0.5576171875,0.25732421875,0.0849403410543516,0.0685237172245873,0.321756378615794,0.52725,1.14025,0.7024999999999997,0.1225,0.0075
OK-10888C,Nyklassisisme,0.4101976287465297,0.3391963696022262,1.6784833624194633,1.2240249375225465,0.8121282319030816,1.3712808780970347,0.6634893975750595,0.4228802223003534,0.545180858650987,0.1338633548191798,0.259765625,0.56591796875,0.17431640625,0.080367792808188,0.067730034914014,0.4515295218688275,0.52675,1.1785,0.6949999999999997,0.09525,0.0045
OK-10888D,Nyklassisisme,0.4069526900333122,0.258923780330917,1.7556477669894488,1.123285788990671,0.7887843184794616,1.5629559469554388,0.7022109813899114,0.4694375728873315,0.5864429039287881,0.1206394438699398,0.201171875,0.53369140625,0.26513671875,0.0804968310437364,0.0702643836896206,0.5132508686765263,0.498,1.1455,0.7237499999999998,0.1255,0.00725
OK-10888E,Nyklassisisme,0.4191739246114942,0.3446408522704842,1.7266916486868966,1.1934585035707086,0.7961521917245795,1.4467953403704208,0.667096109539179,0.4573734038490909,0.5715279817990715,0.1430568155475646,0.2470703125,0.56689453125,0.18603515625,0.0883812401918616,0.0718208238914178,0.3254289789906555,0.5265,1.14675,0.7039999999999997,0.1185,0.00425
OK-10888F,Nyklassisisme,0.4565886662362277,0.3822623556709168,1.7278182483218627,1.2432772894768322,0.9191432436232356,1.389727676374791,0.7392900297567396,0.3883128226308491,0.5167865235653623,0.1253640057421611,0.181640625,0.580078125,0.23828125,0.0883227327547527,0.0710559347737927,0.2958183766012802,0.496,1.1615,0.7174999999999997,0.11675,0.00825
OK-10888G,Nyklassisisme,0.4198235870448606,0.3562115316509619,1.7361998156093923,1.2169184980930527,0.8110448263484367,1.426717065779673,0.666473688374101,0.4484945565264751,0.5606829238194968,0.1124145030010284,0.18603515625,0.56591796875,0.248046875,0.0823396945865208,0.0674940294339759,0.4461500711428579,0.496,1.1465,0.7247499999999997,0.123,0.00975
OK-10888H,Nyklassisisme,0.4280268683474054,0.3517031141378171,1.7446382521038384,1.2158325015120524,0.8202526007003166,1.4349318800100066,0.6746422102041293,0.4390388137475026,0.5538056322666156,0.1183026437666983,0.171875,0.5947265625,0.2333984375,0.0856533189906797,0.0693491074464873,0.3158170949050693,0.49575,1.1415,0.7269999999999998,0.12675,0.009
OK-10888I,Nyklassisisme,0.4274123936049881,0.3051072947774682,1.7395455145621783,1.1788329067867849,0.8322628682064245,1.475649372271415,0.7060052000667094,0.4311682692007996,0.560693896846953,0.1302638059082948,0.193359375,0.55810546875,0.24853515625,0.0890213399740407,0.0681253724835682,0.3521769632889026,0.511,1.15275,0.7107499999999998,0.11575,0.00975
OK-10888J,Nyklassisisme,0.4529921043228851,0.3335735160129825,1.7179062125282305,1.190727977653133,0.839057012724763,1.442734866429586,0.7046582626875364,0.4362871901546279,0.5588106839644525,0.1480664088170146,0.2451171875,0.5595703125,0.1953125,0.0912624443445866,0.0703397698446571,0.2767034824005151,0.4965,1.16025,0.7319999999999998,0.1025,0.00875
OK-10888K,Nyklassisisme,0.3863513047834453,0.2921389546235667,1.784302729531936,1.2142438923709924,0.8549607833781789,1.469475178147813,0.7041090217878058,0.4000746966724623,0.5276744131811928,0.108495960918158,0.18896484375,0.56103515625,0.25,0.0601090732109411,0.0632163736611308,0.850956710942431,0.494,1.125,0.7239999999999998,0.14425,0.01275
OK-10888L,Nyklassisisme,0.3913515785101368,0.29476600254581,1.7545409672358363,1.1402978024399577,0.7720415472235181,1.538667727688175,0.6770519670559507,0.4598227859539249,0.5721932929996126,0.1266465022931541,0.19677734375,0.55029296875,0.2529296875,0.0789086797913994,0.0723025947112506,0.5718689639029256,0.51825,1.15825,0.7154999999999997,0.101,0.007
OK-10888,Nyklassisisme,0.405462222071248,0.2840137524333731,1.7113068707983818,1.0962493619339155,0.7711671728484557,1.5610547829415846,0.7034589904153149,0.4676798355772465,0.5853468824474952,0.1261286651350461,0.1796875,0.55712890625,0.26318359375,0.0778474831473007,0.0662956681101811,0.4917789729892814,0.55125,1.1645,0.6732499999999998,0.10475,0.00625
OK-11579,Rokokko,0.3221573509759177,0.3051059997773089,1.802861899005668,1.030124951597024,0.8230724083648173,1.7501373460309944,0.7990017211864167,0.3888125358011297,0.5260415796012371,0.0962781918851359,0.275390625,0.5703125,0.154296875,0.1257365063411404,0.054839290104637,0.1587015848927195,0.528,1.28075,0.5454999999999998,0.13375,0.012
OK-11796,Barokk,0.3139379146124306,0.2668992313628459,1.858553678081061,1.093508810012105,0.8583370363459535,1.6996223180297638,0.7849376644700167,0.3707288169807106,0.5014757512248383,0.0842318703848293,0.26806640625,0.53173828125,0.2001953125,0.0957181474301651,0.0599659536465304,0.2204394103147854,0.5215,1.20875,0.6247499999999998,0.13325,0.01175
OK-11813J,Historisme,0.5535265750859707,0.3570304126051903,1.8630610992270933,1.0508118050814854,0.9200554039654232,1.7729714466913278,0.8755654665762066,0.4197472131457703,0.5408275888585462,0.0890881270446795,0.15869140625,0.69384765625,0.1474609375,0.0998590734862621,0.0642656678334547,0.2242449633432858,0.6485,1.217,0.5577499999999999,0.0655,0.01125
OK-12553A,Nyklassisisme,0.5130185765328025,0.272289579714952,1.798133611482582,1.161328471716456,0.9723950800747476,1.548340634828567,0.8373119805850948,0.4749327571184799,0.5772223455818247,0.1167363933176626,0.267578125,0.474609375,0.2578125,0.083843804691043,0.0712837087583954,0.3586144410649713,0.3775,1.054,0.8644999999999996,0.19125,0.01275
OK-12553B,Nyklassisisme,0.520817748068115,0.32524001493896,1.7955247520389177,1.2284586589568365,0.9614933325346467,1.461606605432703,0.7826820567727166,0.4757349711880868,0.5793426879325501,0.1310677196397977,0.2685546875,0.48095703125,0.25048828125,0.0832200019557532,0.0708178431364574,0.3603211516145213,0.38475,1.0215,0.9002499999999997,0.1845,0.009
OK-13678a,Nyklassisisme,0.521309113201849,0.4227211142510434,1.7693295474962143,1.3121493316642563,1.0828089263918297,1.3484198455005518,0.8252171266218077,0.3193274915010435,0.4661371060009264,0.12761105589427,0.171875,0.58642578125,0.24169921875,0.096244427944455,0.0675637665949272,0.0528729024147376,0.497,1.1495,0.7247499999999997,0.118,0.01075
OK-14609D,Jugend,0.3126845268474902,0.2890770002359719,1.8660898671417967,1.2016249659967575,1.132667727302042,1.552970658048207,0.9426125594435586,0.2735094849776329,0.4198851461810203,0.0870368365585159,0.19384765625,0.5478515625,0.25830078125,0.0823049024572296,0.075046650221353,0.3911248708736388,0.53775,1.1625,0.6539999999999998,0.133,0.01275
OK-14609E,Jugend,0.322824911478849,0.3178941553508073,1.853797580955166,1.2060654986933517,1.085533839225873,1.5370608361674618,0.9000613485259202,0.2920430638567395,0.4390600904013577,0.0869434835391285,0.197265625,0.568359375,0.234375,0.1353379564700643,0.0537092542300005,-0.0469967831690227,0.54275,1.15,0.6799999999999998,0.1185,0.00875
OK-14846,Historisme,0.4862792312779819,0.2429068645625584,1.874223071673436,1.0711715788087304,0.9739939688971656,1.7496929148035063,0.9092782882664542,0.3947442832636392,0.509199835746721,0.1125810449377047,0.27294921875,0.5078125,0.21923828125,0.0744955493276873,0.0651373145072398,0.5103564099036977,0.4505,1.1025,0.7844999999999998,0.14775,0.01475
OK-15680,Barokk,0.153466413813832,0.1273903040594884,1.6523655008434837,0.8440092971622422,0.701474999796666,1.957755143982388,0.8311213763092551,0.3347015459523767,0.4788752096259537,0.0752549376503843,0.54248046875,0.248046875,0.20947265625,0.1094079815159807,0.0485894018374951,0.4436132311495188,0.719,1.1015,0.5162499999999998,0.163,0.00025
OK-17261,Rokokko,0.4827916112712205,0.4065798031240812,1.7663571689419255,1.0329579118764085,0.8898419506199104,1.7099975116466848,0.86144951206576,0.4347953702450599,0.5716844802949101,0.0924769994414983,0.23193359375,0.609375,0.15869140625,0.0951095859841581,0.0638756257960783,0.1481220093269202,0.466,1.24925,0.6504999999999999,0.12375,0.0105
OK-17280A,Nyklassisisme,0.6350277207256451,0.3330447877261195,1.728669198651327,1.0616944315487191,0.8899970419530692,1.6282157267359418,0.8382790539607111,0.4067035993333297,0.5408785413597879,0.0911988359553902,0.0830078125,0.69384765625,0.22314453125,0.0760995136741947,0.0689559497827001,0.503525260098764,0.669,1.31275,0.4622499999999998,0.05325,0.00275
OK-17280B,Nyklassisisme,0.5316087438978849,0.3464611978119269,1.703932443549692,1.056450838916847,0.8067312150934567,1.6128822732673649,0.7636232768741996,0.4087658418958682,0.5394166966421368,0.0975647625388479,0.091796875,0.63232421875,0.27587890625,0.091738284516825,0.0621347694525363,0.2432623570971328,0.585,1.348,0.5094999999999998,0.05625,0.00125
OK-17280C,Nyklassisisme,0.5282239565363002,0.4476004468978012,1.702222086404582,1.2346670492041174,0.8071856135476247,1.3786880510124613,0.6537673134636851,0.4061495982578117,0.5329689953395437,0.1400466637012514,0.10595703125,0.6494140625,0.24462890625,0.1013448371841825,0.0668669393732772,0.1037720396623734,0.5745,1.317,0.5594999999999998,0.048,0.001
OK-17280D,Nyklassisisme,0.5916053036997246,0.3614108418962806,1.678046089834707,1.0806318735266986,0.7569825513260618,1.552836426637958,0.7004992813661239,0.4596856188850717,0.5803721738556353,0.1042186151017417,0.06884765625,0.70703125,0.22412109375,0.0702766874764885,0.0653033290319523,0.5996825416107044,0.699,1.34925,0.4182499999999998,0.03225,0.00125
OK-17280E,Nyklassisisme,0.5292524486190374,0.410789385852579,1.6847922301734586,1.1820566515271465,0.7437055496019984,1.425304618600294,0.6291618252639168,0.4669593557573988,0.582451948725281,0.1492574555943587,0.1279296875,0.62890625,0.2431640625,0.0670440482964622,0.0618372500370329,0.8331818744247487,0.587,1.277,0.5674999999999998,0.066,0.0025
OK-17280F,Nyklassisisme,0.5995769084838819,0.4281156619639553,1.6527971619343171,1.1600751070167978,0.7907269986413448,1.4247316636703948,0.6816164852103924,0.4379931737337744,0.56161310195839,0.1331139157153465,0.08837890625,0.62939453125,0.2822265625,0.0948711167331246,0.0627607746133798,0.1638659183685396,0.59425,1.2725,0.5709999999999998,0.0605,0.00175
OK-17286E,Modernisme,0.4912588638093711,0.350960804919726,1.7397054771543914,1.3440039175213023,1.0307531033677784,1.2944189820100247,0.7669265863020484,0.4766659360971979,0.5692280877742308,0.1267995721912158,0.27197265625,0.41845703125,0.3095703125,0.0481655612112031,0.0524290951854187,1.0752512300537729,0.362,0.9665,0.8924999999999996,0.25475,0.02425
OK-18446,Nyklassisisme,0.6927409424531905,0.4025349433102773,1.7596635284715232,1.215530102568378,1.0096818593097407,1.4476499406336958,0.8306507806968622,0.435472771125882,0.5589887263403847,0.1711221626184926,0.28662109375,0.4697265625,0.24365234375,0.1114903757005324,0.055355928683014,0.2527867566497207,0.37675,0.887,1.0287499999999996,0.1945,0.013
OK-18458,Modernisme,0.4453370486299179,0.2376106182514256,1.843648168005127,1.0515439740968238,1.049619180739464,1.7532756215098115,0.9981686058087876,0.4293034255347956,0.541948622307681,0.0948880288240001,0.20556640625,0.51318359375,0.28125,0.0760328687568518,0.0592695237563316,0.5347308692004163,0.467,1.15425,0.7332499999999997,0.13475,0.01075
OK-18471A,Barokk,0.204167524460624,0.1853062915495552,1.7715023136553758,0.9725950871922512,0.9698760730923448,1.8214162456374408,0.9972033466556924,0.2574334639299981,0.4084805320212653,0.0873965947933242,0.375,0.41845703125,0.20654296875,0.0992683421710833,0.0651384308775909,0.1639478249124611,0.594,1.24475,0.5034999999999998,0.1525,0.00525
OK-18471B,Barokk,0.1947386780017395,0.1712385265401115,1.8227317956451532,0.9061343228782276,0.694931407275548,2.0115447986901884,0.7669179092016671,0.4192631746803816,0.5455917889727361,0.0976651772400088,0.34765625,0.4345703125,0.2177734375,0.1121451395293184,0.059776029911138,-0.0229004275123646,0.66575,1.16275,0.5257499999999998,0.13775,0.008
OK-18534,Postmodernisme,0.7793233065921497,0.3868118422705799,1.723644685399,1.3995984591274753,0.8760726694191254,1.231527115960403,0.625945275775741,0.4291051119556078,0.5174574214667149,0.0270491621557243,0.14599609375,0.58349609375,0.2705078125,0.1111459234394813,0.0692373752958737,0.0928165947788586,0.48525,1.015,0.8709999999999997,0.1255,0.00325
OK-1966-0108,Modernisme,0.9390560923958918,0.5314675453305233,1.7060739578015074,1.2253507034624538,1.0587354588958302,1.3923136949013786,0.8640257779902545,0.4592456719096067,0.5551748031838053,0.1352045780207105,0.1279296875,0.6533203125,0.21875,0.0937801562476562,0.0613583404393873,0.339728333475526,0.47575,1.119,0.7934999999999998,0.10575,0.006
OK-1966-0117A,Barokk,0.1963061794255526,0.1570696455944853,1.8590949255849336,0.940087891974675,0.7756936824824112,1.977573548050194,0.8251280161954169,0.3825377136194213,0.5236004284377009,0.0878744566336901,0.30419921875,0.43896484375,0.2568359375,0.1051217194595912,0.0566833181291086,0.246359660512564,0.53325,1.1395,0.6119999999999998,0.19675,0.0185
OK-1966-0117B,Barokk,0.1637956544118378,0.1377183289961125,1.839376879708678,0.8670421702342797,0.6468973084812562,2.1214363284952333,0.7460958469997071,0.4634271065402107,0.5830978899254332,0.0668357054244727,0.36474609375,0.369140625,0.26611328125,0.1240429616630914,0.0475000582763011,0.3632587983560231,0.563,1.11925,0.5819999999999999,0.22075,0.015
OK-1966-0120A,Rokokko,0.2971663088307114,0.2505494302691201,1.8104199231059703,0.9783896056766844,0.7595143949075398,1.850406077697188,0.7762895417237133,0.4229069581382588,0.5442345918443602,0.1043600019219465,0.3125,0.48828125,0.19921875,0.0664564345505161,0.0611260054060055,0.6632076920169464,0.58275,1.1805,0.5969999999999999,0.1285,0.01125
OK-1966-0120C,Rokokko,0.2949177766854912,0.2490342434263247,1.8470623587539725,1.0271414444168514,0.7748248168338343,1.798253366700878,0.7543499161635098,0.4397161552243722,0.5494854477572756,0.1100643705295483,0.28662109375,0.50048828125,0.212890625,0.0731654977871703,0.0648003995691899,0.6505705748710917,0.5175,1.14725,0.6562499999999998,0.16225,0.01675
OK-1966-0120D,Rokokko,0.2928256098535695,0.218457897839574,1.8279945963691908,0.919084344833104,0.7564816407910429,1.988928021370132,0.8230809522138686,0.4313296973270698,0.5529904027747364,0.1083256866267348,0.29296875,0.50537109375,0.20166015625,0.0787846502630218,0.067047394700894,0.498474647488679,0.58475,1.15575,0.5934999999999998,0.1515,0.0145
OK-1966-0120E,Rokokko,0.2958752488003509,0.2537311786191781,1.8330671155689728,1.041368880607337,0.859529369234046,1.760245950747021,0.825383358248042,0.3569583029152584,0.4917720969874801,0.1228043625433327,0.287109375,0.51123046875,0.20166015625,0.1085262548984236,0.0646021108768114,-0.0420343542625626,0.56275,1.17925,0.6024999999999998,0.144,0.0115
OK-1966-0120F,Rokokko,0.2649766766612111,0.2284941818223226,1.8031780296548676,0.962440691562334,0.7351057733492512,1.873545218856598,0.7637925287255087,0.4225167256613859,0.5394331422247542,0.1027088981263708,0.326171875,0.47265625,0.201171875,0.0726948660720684,0.0675886828991585,0.6651529999109806,0.5795,1.15975,0.5867499999999998,0.162,0.012
OK-1966-0120G,Rokokko,0.3168084924491451,0.2393601738609251,1.8363321473444567,0.9613296567449952,0.7460357977045768,1.910198259527228,0.7760449461068961,0.4367970046499948,0.5538073623622674,0.1124423054176178,0.2734375,0.52880859375,0.19775390625,0.0915218031563117,0.0685874488112643,0.2649271025650009,0.598,1.167,0.5907499999999998,0.13525,0.009
OK-1966-0120H,Rokokko,0.3093920145512931,0.2514171453103205,1.8245367832824608,0.9870630080349592,0.7358698676275051,1.8484482955819015,0.7455138285231068,0.4424049740549199,0.5612480819206478,0.116642478022567,0.283203125,0.5107421875,0.2060546875,0.1040377991305628,0.0626735789633195,0.1239148983787545,0.57525,1.193,0.5872499999999998,0.1315,0.013
OK-1968-0164B,Nyklassisisme,0.3490168101783094,0.240791449561916,1.782918623031136,1.0979399899604474,0.8688941880597689,1.623874724902442,0.791385143650635,0.4594681327976656,0.5807811979858327,0.1216933432095022,0.25634765625,0.43701171875,0.306640625,0.0919033224526207,0.0656982305854662,0.1079326473312716,0.463,1.079,0.7464999999999997,0.1935,0.018
OK-1978-0220B,Modernisme,0.4325889803078743,0.2967812125773334,1.780361694636008,1.3605814264079064,0.973133318136443,1.3085290975985682,0.71523290265157,0.4963486414307405,0.5958798486615645,0.1553468812037459,0.294921875,0.43212890625,0.27294921875,0.1209210122359093,0.0658679313572755,0.0040457875037664,0.4235,0.968,0.8534999999999996,0.24425,0.01075
OK-1979-0001,Nyklassisisme,0.4312612219435203,0.3645096206913914,1.879008981130716,1.2499394611205856,0.9341273114293216,1.5032787877321478,0.747337445650704,0.3989644773945974,0.5222237767177071,0.1191101943095381,0.27294921875,0.521484375,0.20556640625,0.0736614691797314,0.0699652159330598,0.6315039194520455,0.4565,1.079,0.7917499999999997,0.15525,0.0175
OK-1980-0043,Postmodernisme,0.2541153298704828,0.1198902618702893,1.7784304732912304,0.8258839344556755,0.7711301120386927,2.153363500283921,0.9337016330815252,0.4645972430050188,0.5936988022955147,0.0806528479245048,0.455078125,0.30126953125,0.24365234375,0.098258382171688,0.0651655936129776,0.1310314437287986,0.50925,1.11875,0.6127499999999998,0.248,0.01125
OK-1980-0045,Postmodernisme,0.6395301032087564,0.5711779248251597,1.5063219990358785,1.1869309989775962,1.1552825737376025,1.2690887096593566,0.9733350981629478,0.5559880996577252,0.6341693953635686,0.121172318335998,0.517578125,0.21630859375,0.26611328125,0.1290797060830894,0.0569769904909817,-0.052420492209102,0.299,0.61875,1.1529999999999996,0.42225,0.007
OK-1984-0149,Historisme,0.3723712473370272,0.2826147633606418,1.8062016309453943,1.1935043253872375,0.8920610348963424,1.5133586692286984,0.7474294550021465,0.3713130256421037,0.5133356724974085,0.0986001410545249,0.20458984375,0.51416015625,0.28125,0.0948512388044553,0.0566855538193539,0.504372090077997,0.52925,1.20825,0.6429999999999998,0.1145,0.005
OK-1985-0026B,Barokk,0.2920362191779342,0.2618733403785878,1.7462277690931098,0.9686259658570412,0.7440550560577082,1.802786656417362,0.7681543899610188,0.4070440649897235,0.5286256617214545,0.075358389050108,0.314453125,0.5234375,0.162109375,0.1011705994099985,0.0668123286162642,0.0388002326215143,0.5785,1.30575,0.4867499999999998,0.12275,0.00625
OK-1989-0002A,Historisme,0.4383604201615402,0.3423287638801025,1.8805219963485675,1.2126177305042627,0.883056445638276,1.5507941194068149,0.7282226667165701,0.4229351173810644,0.5312520753478424,0.1143870218735967,0.2353515625,0.57763671875,0.18701171875,0.0728375834137301,0.0680900968997266,0.5608134467685487,0.50175,1.1655,0.6662499999999998,0.143,0.0235
OK-1989-0002B,Historisme,0.4431910434922704,0.4272775115751687,1.8459340324240028,1.2376160589719043,0.8147847002244335,1.491522776809033,0.6583496036336797,0.4563723408042521,0.5568834337576626,0.1784258357661762,0.255859375,0.587890625,0.15625,0.0779230797453281,0.0612049256717673,0.5510772930697768,0.5455,1.15975,0.6644999999999999,0.11675,0.0135
OK-1989-0002C,Historisme,0.4212302740803677,0.3422037710622662,1.904200473382598,1.215814583642068,0.8517650774974423,1.566191862484951,0.7005709492108296,0.4505389698485411,0.5526017525298735,0.1124823265130639,0.23388671875,0.55126953125,0.21484375,0.0718942141460425,0.0668696876742936,0.5601677390030783,0.439,1.10025,0.7612499999999998,0.1725,0.027
OK-1989-0002D,Historisme,0.4106830167692579,0.345110945559599,1.8488689221145256,1.2489858342310658,0.8137595264171336,1.4802949650408246,0.6515357120782796,0.4411907150749021,0.5423081249479106,0.1441086398356701,0.27490234375,0.53271484375,0.1923828125,0.0677087114991921,0.069572379575521,0.7209827284048563,0.492,1.146,0.7024999999999997,0.1465,0.013
OK-1989-0002E,Historisme,0.4267141769355576,0.3690119568826268,1.8719486280134752,1.17256614899707,0.891366767298654,1.5964532433085867,0.7601839843978789,0.4016604401052781,0.516259725537496,0.1113990658658899,0.23876953125,0.58544921875,0.17578125,0.0709724338184739,0.0675059709415807,0.632715980382544,0.51925,1.21175,0.6272499999999999,0.1265,0.01525
OK-1989-0002F,Historisme,0.4462508523259056,0.3568455265354853,1.8922731735725364,1.1718896064386763,0.8487185660708878,1.6147182707804706,0.7242301981155954,0.4488100724887885,0.5556090661990384,0.1235668241955562,0.23388671875,0.58837890625,0.177734375,0.1204003011921248,0.0631904080429328,-0.1853425724886799,0.53075,1.13525,0.6837499999999997,0.128,0.02225
OK-1989-0003A,Historisme,0.360638717428807,0.1969479834724114,1.892950897161608,1.1387831786733416,1.0099026696706148,1.6622560557232666,0.8868253428381216,0.4864979329713357,0.5778554963259378,0.1532259023342154,0.3359375,0.38134765625,0.28271484375,0.0432484715337917,0.0545351472702831,1.191906174401852,0.39325,0.9485,0.8027499999999997,0.3225,0.033
OK-1989-0003B,Historisme,0.3309929936967132,0.1792378283036896,1.8714071277512967,1.0328514968673197,0.955867853631701,1.811882271115523,0.9254640488655296,0.4794102803407027,0.5804630885627984,0.1480847748625827,0.3154296875,0.3828125,0.3017578125,0.0461236966753396,0.0584048258905855,1.303752142010406,0.42675,0.999,0.7702499999999998,0.27775,0.02625
OK-1989-0003C,Historisme,0.2141670286548316,0.1955774561643634,1.8165848127961697,1.133136347744378,0.8619691241881944,1.60314618206898,0.7606925373204133,0.3550836064754789,0.4903128421270282,0.1345976728294153,0.27587890625,0.41162109375,0.3125,0.0616960272360696,0.0677309070239218,0.8450109304169069,0.56275,1.06125,0.6772499999999998,0.187,0.01175
OK-1989-0094,Postmodernisme,0.2392682082132393,0.2143697227994112,1.8773326469752456,1.0325109223007491,0.770049257048858,1.8182188567779247,0.7458018066590022,0.37173793285904,0.5158112411045975,0.0515963206766751,0.24755859375,0.50439453125,0.248046875,0.1317845694743404,0.0497633721391056,0.2318425225660348,0.56675,1.134,0.6284999999999998,0.15575,0.015
OK-1989-0185,Modernisme,0.5451151285622318,0.2911120131046482,1.768832073840196,1.2494912295571088,1.1874362941397485,1.4156407154826172,0.950335076962138,0.4689344280840228,0.5521592723812022,0.1294428512745564,0.32177734375,0.35693359375,0.3212890625,0.0426182225599601,0.0590587316730419,1.3718250863945565,0.34075,0.9005,0.9279999999999996,0.3180000000000001,0.01275
OK-1989-0229A,Nyklassisisme,0.4074434808210488,0.29418774421765,1.7437985072075706,1.0983485689346164,0.8199861712254823,1.5876534725634122,0.7465621095666815,0.4693905414883134,0.5784978267001911,0.1672199729534668,0.2509765625,0.45751953125,0.29150390625,0.071369065156309,0.0652806439643372,0.7160051353831467,0.4825,1.10025,0.7802499999999998,0.12975,0.00725
OK-1989-0229B,Nyklassisisme,0.5061292137971517,0.3161668901248839,1.760268550904974,1.1936367887747144,0.9008781789202266,1.474709134931053,0.7547332929573137,0.4487703688579196,0.5674207567974064,0.1599686704036647,0.189453125,0.5537109375,0.2568359375,0.1278755677222409,0.0585779268010515,-0.0151474262811275,0.635,1.1515,0.6204999999999998,0.08925,0.00375
OK-1989-0229C,Nyklassisisme,0.3972259450663669,0.2838207707229549,1.7563114036532026,1.0878838635718708,0.8635427618661602,1.6144276498954822,0.7937813924819909,0.4410126080723854,0.5537714620852403,0.1483711964769428,0.21826171875,0.52001953125,0.26171875,0.0750711614975677,0.0637190070282676,0.5528712236014786,0.574,1.13075,0.7009999999999997,0.0885,0.00575
OK-1989-0229D,Nyklassisisme,0.3671313484650489,0.2385552612981828,1.7607597094550358,1.1065907546473757,0.865693646402486,1.5911556380755034,0.7823062504910371,0.4665203711091955,0.5786297994693287,0.1622846700862095,0.26171875,0.46728515625,0.27099609375,0.1048560276340386,0.0581913449646544,0.0410724844650609,0.573,1.08675,0.7154999999999997,0.11875,0.006
OK-1990-0073B,Historisme,0.3618402630590405,0.3302224454803298,1.8428715020050277,1.1151261553301277,0.7185878374678969,1.6526110885170355,0.6443999090445993,0.4301944158219271,0.5387752604573991,0.018052557557958,0.15087890625,0.638671875,0.21044921875,0.0971457354630873,0.0619034758188751,0.2614631609320086,0.5785,1.18525,0.6357499999999998,0.09225,0.00825
OK-1990-0073C,Historisme,0.3688013175975457,0.3584503099953744,1.7662386501605756,1.16572404720548,0.8694160374546052,1.5151417175042,0.7458156960243774,0.349927263206043,0.4771188141025368,0.0762599541750048,0.14599609375,0.62548828125,0.228515625,0.0999679530455559,0.0625975756860511,0.1569869040071071,0.5875,1.19775,0.6142499999999999,0.09275,0.00775
OK-1991-0898,Postmodernisme,0.0912343001314139,0.0615943100886425,1.536100656024275,0.7211590985589589,0.4482278669583524,2.130041108893506,0.6215372534531696,0.4491124498131461,0.5560433182341994,0.0226916637777911,0.55078125,0.28173828125,0.16748046875,0.0902598997374055,0.0605493587253929,0.4881446920296094,0.9875,0.9385,0.4344999999999998,0.1395,0.0
OK-1994-0210,Barokk,0.1529555386713426,0.1213291735293837,1.6891695836021905,0.7096186166712337,0.6274031353241001,2.38038738490058,0.8841400668532752,0.3855008991035774,0.5154490257589691,0.0664484297301207,0.4482421875,0.34423828125,0.20751953125,0.084500985136844,0.0685024284511541,0.4056773548132381,0.7345,1.16125,0.4867499999999998,0.11675,0.00075
OK-1995-0109,Jugend,0.3996230239696203,0.3473817462924689,1.6957401140826298,1.3531437458091615,0.8577093488369331,1.2531845682692289,0.6338637100674953,0.4231837484948601,0.5343960732251646,0.1177091230313523,0.22412109375,0.416015625,0.35986328125,0.0867512590827638,0.061363962869132,0.428160237878855,0.44525,1.10225,0.7874999999999998,0.1595,0.0055
OK-1995-0114,Modernisme,0.453412299796512,0.2581819465670271,1.6455529719072697,1.0230861298225118,0.9408319018983968,1.6084191892754485,0.9196009552594168,0.4635724619453848,0.5706287172451894,0.1080812963132822,0.15234375,0.4599609375,0.3876953125,0.0909856249154347,0.0594886315787372,0.4482465978788942,0.546,1.192,0.6659999999999998,0.09425,0.00175
OK-1996-0001,Modernisme,0.3488658530235005,0.3200469703754694,1.7777636604372078,1.174309388905582,1.0707221580223811,1.513878849436071,0.9117880316295748,0.3900551615282274,0.5060041125754725,0.1457598264351688,0.2255859375,0.52392578125,0.25048828125,0.1019813975365714,0.062764485005897,0.111558263539274,0.40425,1.03725,0.8184999999999997,0.21075,0.02925
OK-1996-0029,Historisme,0.2100505511832201,0.1847135114331016,1.7974895105575874,1.0070587601276737,0.821854303795011,1.7848886250104008,0.8160928837935273,0.3742961816092363,0.5059806394280016,0.1143080890193208,0.17236328125,0.54150390625,0.2861328125,0.1254001458230375,0.0463243483264856,0.1937991350528906,0.65275,1.155,0.5657499999999999,0.1185,0.008
OK-1996-0132,Historisme,0.2912286566805276,0.2501003419573411,1.8229599479286545,0.989628938504493,0.8131723017573184,1.8420622467055427,0.8216933119325053,0.385836123581845,0.5349587277921303,0.0835683930580592,0.30322265625,0.4912109375,0.20556640625,0.1247686956514973,0.0482998167968044,0.3677878464732815,0.4955,1.20125,0.6337499999999998,0.15275,0.01675
OK-2001-0189,Modernisme,0.4634232402729391,0.3146453220836896,1.6283843366811337,1.0677924142646835,0.9629212934500636,1.524999419295436,0.901786132585545,0.4534775554100345,0.549757500255062,0.120217765984442,0.12646484375,0.49755859375,0.3759765625,0.0880978435146621,0.0522684298307059,0.7381299198447129,0.60075,1.23225,0.5579999999999998,0.107,0.002
OK-2003-0100,Modernisme,0.7006062458428226,0.5298284376346076,1.7660804149356786,1.158801375753917,0.995974817862486,1.524056605240101,0.8594863444377259,0.4768231811857226,0.5529439622122283,0.0853179666446357,0.3525390625,0.51904296875,0.12841796875,0.0195128394291972,0.017105467917082,4.308414794996108,0.29175,0.9265,1.0719999999999996,0.19625,0.0135
OK-2003-0237,Modernisme,0.7028345049607321,0.2608019600265008,1.6105287531109895,1.0370772484602202,1.0158385084996775,1.552948155553535,0.9795196360621024,0.4124158732905608,0.5135243811762902,0.1294618265409576,0.3671875,0.53564453125,0.09716796875,0.0958819832885309,0.0533916453999581,0.6414570489139035,0.655,1.37375,0.4369999999999998,0.034,0.00025
OK-2003-0247,Modernisme,0.3327129614181648,0.2275007051968962,1.6677768892655536,0.963265230134054,0.8024017884433317,1.731376889474736,0.8330010575909679,0.3537546355146547,0.4934886141621009,0.0998679457041659,0.06103515625,0.591796875,0.34716796875,0.0995450252630315,0.0719853349703316,0.1523384414527101,0.831,1.22225,0.4064999999999998,0.0385,0.00175
OK-dep-00039A,Renessanse,0.3394330355606441,0.2736607549765391,1.8413059305191333,0.9873736445800908,0.7914950655551589,1.8648503287242115,0.8016157493002717,0.5250269930767544,0.636856795181363,0.0870191970268301,0.2568359375,0.4853515625,0.2578125,0.0686460190512198,0.0662416514193528,0.7200160284293219,0.388,1.01125,0.8357499999999997,0.2295,0.0355
OK-dep-00039B,Renessanse,0.3059007205700987,0.2419979290604461,1.8690696670425333,1.024806855464128,0.8081945421958132,1.823824492637252,0.7886303153187558,0.5110094500777826,0.6240817289007475,0.0865460274602156,0.271484375,0.46142578125,0.26708984375,0.0681784745081286,0.0622469223053495,0.6319639406078239,0.3585,0.96225,0.8402499999999996,0.2865,0.0525
