objekt_id,rule,n_verts,n_faces,bbox_x,bbox_y,bbox_z,vol_bbox,vol_hull,area,sphericity,fill_ratio
mutant_0,R1_Erstatning,498164,996308,7.921570062637329,11.0,6.611443996429443,576.1031851621066,378.9402177218713,301.8915073031098,0.8094544579443045,0.6577644899068616
mutant_1,R3_Skalering,405163,810308,6.881736478815564,12.112816533959862,5.998028216123298,499.97890601226015,399.97155419231814,301.6279741513806,0.79754595232534,0.799976857788697
mutant_2,R7_Forskyving,313640,627304,7.833323742718054,11.400000095367432,6.329685926437378,565.2402659157704,271.2575381490286,239.26700341687746,0.7798485976432775,0.47989776119284866
mutant_3,R3_Skalering,405163,810308,8.132877576289633,12.753539690479734,5.489458556874246,569.3829834560918,455.493209983558,331.2712249429241,0.7875976937014673,0.7999768577886971
mutant_4,R3_Skalering,419126,838284,1.1873420990019656,1.8946000473348268,1.5045717425979448,3.3845919059727834,2.413029297117998,7.078789051637644,0.8334216718365741,0.7129454197593894
mutant_5,R1_Erstatning,415986,831992,8.703559875488281,11.400000095367432,8.703974723815918,863.6134500881536,393.970983011399,279.90490593539175,0.8063039174694164,0.4561890310661376
mutant_6,R7_Forskyving,405163,810308,9.103248517074004,11.0,5.480313539505005,548.7752171175947,341.37991287238583,273.0324347358006,0.7922582185994177,0.6220760381007384
mutant_7,R3_Skalering,308201,616666,1.1681648081770435,1.7007194062252444,1.3385684240168416,2.659361407536938,1.7066947579684444,7.260296058135827,0.8171464921866726,0.6417686415736777
mutant_8,R7_Forskyving,93001,186000,8.024518574116248,1.0199999809265137,6.611443996429443,54.11472724218081,19.005177255062428,31.46867582755383,0.582196390980337,0.35120157161669036
mutant_9,R3_Skalering,259814,550968,3.0973207552499322,6.709334475106776,5.23911041345264,108.87374877671066,83.47162882440078,67.86923732511084,0.7899678892246906,0.7666827840712354
mutant_10,R1_Erstatning,362160,755656,8.703559875488281,7.5,8.703974723815918,568.1667387260131,210.38113855691344,128.95335354494324,0.8040788456277529,0.37028063104969167
mutant_11,R1_Erstatning,534625,1069340,5.588150501251221,11.400000095367432,6.329685926437378,403.23211181471976,271.64428520317966,238.7802174383396,0.7876944035140323,0.673667292965985
mutant_12,R1_Erstatning,323331,646724,8.703559875488281,1.14000004529953,8.703974723815918,86.3613477180455,31.15579166640994,43.32555075772746,0.5740970410064937,0.3607608321274476
mutant_13,R7_Forskyving,313640,627304,7.380637681826077,11.400000095367432,6.329685926437378,532.5751549310737,271.25753814902856,238.7090958871574,0.782258714235781,0.5093319424262946
mutant_14,R7_Forskyving,102346,204688,8.722218351480217,1.14000004529953,8.703974723815918,86.54648703529963,30.232977233144243,42.23059462323698,0.5728831586561998,0.34932645181557914
mutant_15,R7_Forskyving,259814,550968,4.041155026237502,7.5,5.414910316467285,164.11869031512802,114.59531626339817,86.73553510464484,0.795682125102351,0.6982465924104141
mutant_16,R1_Erstatning,415986,831992,8.703559875488281,11.400000095367432,8.703974723815918,863.6134500881536,393.970983011399,279.90490593539175,0.8063039174694164,0.4561890310661376
mutant_17,R7_Forskyving,259814,550968,4.471773908078386,7.5,5.414910316467285,181.60691000822158,114.59531626339817,86.75330419724234,0.793673137495025,0.6310074669417056
mutant_18,R1_Erstatning,521472,1042972,8.703559875488281,1.991867184638977,8.703974723815918,150.8950243028924,45.37428281148206,51.20162484209932,0.631331265759929,0.30070098746531243
mutant_19,R3_Skalering,102346,204688,8.370517674059604,1.1030176846744826,9.308597104457098,85.94468552217998,30.087114077758574,42.184119347957065,0.5641294090854623,0.35007532920687584
mutant_20,R7_Forskyving,308201,616666,1.4638901691998898,1.994516909122467,1.1440898776054382,3.340460648199652,1.6205926793988972,6.99480530002695,0.7907560950536052,0.4851404791349118
mutant_21,R3_Skalering,405163,810308,8.000986063742516,11.173406294248448,6.371258844894665,569.5795059987901,455.6504234697506,326.2519018855138,0.8125867771089885,0.7999768577886974
mutant_22,R1_Erstatning,640111,1280320,1.437069058418274,1.991867184638977,1.6341159343719482,4.677576299445306,3.335737491313932,10.076936345047198,0.8391550813674213,0.7131337422992978
mutant_23,R7_Forskyving,308201,616666,1.4041809084269559,1.994516909122467,1.1440898776054382,3.204209691576251,1.6205926793988972,6.979015890978319,0.7929117837554333,0.5057698575905863
mutant_24,R3_Skalering,93001,186000,6.986265774277009,1.2108862853424225,6.785201346043634,57.39990890089835,20.42092323552788,34.63107365525882,0.6206252504673788,0.35576577779565566
mutant_25,R3_Skalering,259814,550968,3.7602530968804335,6.490607968601017,5.187465806079525,126.60699565876247,97.0674039145548,79.91224207633846,0.8079599218586527,0.7666827840712352
mutant_26,R7_Forskyving,405163,810308,7.078845739364624,11.0,5.480313539505005,426.7372356445799,341.37991287238583,270.5298640664772,0.8013887452833849,0.7999768577886971
mutant_27,R7_Forskyving,313640,627304,8.164081100291414,11.400000095367432,6.329685926437378,589.1071942962245,271.25753814902856,239.7211802339611,0.7777167686910208,0.460455314033443
mutant_28,R7_Forskyving,313640,627304,5.976134028471915,11.400000095367432,6.329685926437378,431.22839018902175,271.2575381490286,237.73211352231613,0.7867197530331183,0.629034507746875
mutant_29,R7_Forskyving,313640,627304,7.43800334646558,11.400000095367432,6.329685926437378,536.7145706631774,271.25753814902856,238.77420771857197,0.7819644029709478,0.5054037154494544
mutant_30,R1_Erstatning,573454,1178272,5.588150501251221,11.400000095367432,6.329685926437378,403.23211181471976,279.68672548097487,324.4080202255554,0.795201399697664,0.6936122329698968
mutant_31,R3_Skalering,102346,204688,7.098430256343166,1.2532466252742502,7.154964007861343,63.65115913881015,22.282700489918202,36.284458183501506,0.6205790796943208,0.3500753292068758
mutant_32,R7_Forskyving,313640,627304,6.501242525936694,11.400000095367432,6.329685926437378,469.1193897813139,271.25753814902856,237.96897376213238,0.7856722359458105,0.5782270868732985
mutant_33,R3_Skalering,308201,616666,1.3025637425466856,2.086393667770311,1.137892461761303,3.0924056745824746,1.9846089889715266,8.032262531962722,0.7944342032121688,0.6417686415736775
mutant_34,R7_Forskyving,419126,838284,1.686868595925532,1.991867184638977,1.6341159343719482,5.490659282069972,3.3348565982646057,9.012220672402163,0.8309070767357775,0.6073690657066902
mutant_35,R1_Erstatning,627280,1254608,5.588150501251221,11.400000095367432,6.329685926437378,403.23211181471976,271.25753814902856,475.35957261600396,0.786968355010346,0.672708175269702
mutant_36,R3_Skalering,419126,838284,1.2435589040256967,1.9256111816066754,1.3782485504928523,3.3003690440640536,2.352982993481142,7.038826099540229,0.8328825550593,0.7129454197593896
mutant_37,R3_Skalering,93001,186000,8.77650998410353,0.8800295891399443,6.2550687932162745,48.31157724407717,17.18760585477401,28.49145880862827,0.5489210084780578,0.3557657777956556
mutant_38,R7_Forskyving,419126,838284,1.5608337371781145,1.991867184638977,1.6341159343719482,5.080423138770262,3.3348565982646057,8.991198176992658,0.8356509638029174,0.6564131583480313
mutant_39,R1_Erstatning,616402,1233332,1.1066174507141113,1.994516909122467,1.1440898776054382,2.5251976715862114,1.6205926793988967,13.889281747494216,0.7982272066840095,0.6417686415736776
mutant_40,R7_Forskyving,308201,616666,1.2299149307335848,1.994516909122467,1.1440898776054382,2.80655100580004,1.6205926793988967,6.954985962618055,0.7967013160166202,0.5774321136689722
mutant_41,R3_Skalering,308201,616666,1.042934546364006,2.3078075917554717,1.288256094269183,3.1006936270934387,1.989927936995916,7.929062257095494,0.7888478291905275,0.6417686415736777
mutant_42,R7_Forskyving,308201,616666,1.3633905624687026,1.994516909122467,1.1440898776054382,3.1111299316551437,1.6205926793988972,6.974150269786073,0.7938324138270375,0.5209016386328584
mutant_43,R3_Skalering,259814,550968,3.4319916804878416,7.394473780577267,5.053393103457895,128.24386051507128,98.32236001973803,77.9892027563681,0.7918258068405408,0.7666827840712355
mutant_44,R7_Forskyving,405163,810308,7.598762247572422,11.0,5.480313539505005,458.0795959173569,341.37991287238583,271.05593017596243,0.7994582955097493,0.7452414731303048
mutant_45,R7_Forskyving,405163,810308,8.397195808804227,11.0,5.480313539505005,506.21192473350936,341.37991287238583,271.9165441228543,0.7962829129189579,0.6743814125913808
mutant_46,R3_Skalering,102346,204688,10.194201542534612,0.9566329841020259,8.858659815269075,86.39062002947841,30.243224747205783,40.56691634570636,0.523437566252834,0.3500753292068759
mutant_47,R7_Forskyving,220985,442036,0.7203280405673366,0.9399999976158142,0.5033519864082336,0.3408238362155578,0.1683650240587411,1.107466382610146,0.7835979995447568,0.49399427554197467
mutant_48,R7_Forskyving,93001,186000,8.104949904608787,1.0199999809265137,6.611443996429443,54.65712981389008,19.005177255062428,31.68443240089884,0.5808719618896673,0.3477163422187716
mutant_49,R3_Skalering,102346,204688,10.140386153092154,1.3031663664341164,8.33728568412505,110.17398025302948,38.56919240711114,49.866735154868856,0.5847215033167482,0.3500753292068759
mutant_50,R7_Forskyving,102346,204688,8.721266568309032,1.14000004529953,8.703974723815918,86.53704293672676,30.23297723314425,42.22988115324169,0.5728328376925237,0.3493645750669997
mutant_51,R3_Skalering,93001,186000,8.459090068518083,0.9024726660678649,6.928245805401161,52.89090444412252,18.816773757878945,30.302085173228527,0.5504062313170924,0.3557657777956556
mutant_52,R1_Erstatning,362160,755656,8.703559875488281,7.5,8.703974723815918,568.1667387260131,210.38113855691344,128.9533535449432,0.8040788456277529,0.37028063104969167
mutant_53,R7_Forskyving,313640,627304,7.321627781705853,11.400000095367432,6.329685926437378,528.3170937643022,271.25753814902856,238.64416342444403,0.7825525199081868,0.5134369895478804
mutant_54,R3_Skalering,308201,616666,0.9037419320625525,1.9550310671065045,1.0271588541954932,1.814829000293839,1.1647003422070932,5.557985060353332,0.7863994285076404,0.6417686415736781
mutant_55,R1_Erstatning,507509,1014996,8.703559875488281,11.0,8.703974723815918,833.3112167981526,437.3389881808727,312.754086935011,0.8184916429657093,0.5248207144760016
mutant_56,R3_Skalering,259814,550968,4.414167263019896,7.827590022148584,5.291867730127372,182.8461570475751,140.1850007419612,105.00046378169677,0.804339582921754,0.7666827840712354
mutant_57,R3_Skalering,220985,442036,0.6309518482162083,0.9419148854663844,0.4959492012898442,0.2947440673496128,0.18728346468023396,1.1938233401143572,0.7885365958752438,0.6354104642862458
mutant_58,R3_Skalering,313640,627304,4.890206158769625,11.409683696794573,6.7740908736768475,377.96517930734575,254.26026608733028,225.63154403779924,0.7829639201321725,0.672708175269702
mutant_59,R3_Skalering,308201,616666,1.1978831551222238,2.3577901713588183,1.1155610141199226,3.150742703714969,2.022047864911332,8.103835826358189,0.7798704006976991,0.6417686415736776
mutant_60,R1_Erstatning,573454,1178272,5.588150501251221,11.400000095367432,6.329685926437378,403.23211181471976,279.68672548097487,324.4080202255554,0.795201399697664,0.6936122329698968
mutant_61,R1_Erstatning,626148,1252344,7.078845739364624,11.0,5.480313539505005,426.7372356445799,341.3825630788171,271.62939843795886,0.8013957580202627,0.7999830681828458
mutant_62,R7_Forskyving,419126,838284,1.552274099038582,1.991867184638977,1.6341159343719482,5.052562013893372,3.3348565982646057,8.990089332773575,0.8359030525398239,0.6600327891264917
mutant_63,R1_Erstatning,529186,1058702,1.1066174507141113,1.994516909122467,1.1440898776054382,2.5251976715862114,1.639386398047716,8.04507200408478,0.8034650420235958,0.6492111158244217
mutant_64,R3_Skalering,259814,550968,3.3190212367496077,6.278552805063595,4.843178539774586,100.92530294310887,77.37769224365555,67.30823353085373,0.8020088889417007,0.7666827840712352
mutant_65,R3_Skalering,93001,186000,6.633430261326237,0.8526744673245044,6.309149406602277,35.68553714871999,12.69569287977013,23.91026294044019,0.5725283173760018,0.35576577779565566
mutant_66,R7_Forskyving,102346,204688,8.93116844132578,1.14000004529953,8.703974723815918,88.61980090031825,30.232977233144254,42.75889092122537,0.5704809924001478,0.3411537481014097
mutant_67,R1_Erstatning,727327,1454950,1.437069058418274,1.994516909122467,1.6341159343719482,4.683798746674527,3.4112973433465137,15.921146088456634,0.8466593774790192,0.7283185140626542
mutant_68,R1_Erstatning,678940,1389252,3.68043053150177,7.5,5.414910316467285,149.4690094055258,114.64505428559892,95.70473913226296,0.7967309127984054,0.7670155488523666
mutant_69,R1_Erstatning,415986,831992,8.703559875488281,11.400000095367432,8.703974723815918,863.6134500881536,393.970983011399,279.90490593539175,0.8063039174694162,0.4561890310661376
mutant_70,R7_Forskyving,405163,810308,7.315426973190452,11.0,5.480313539505005,440.9991683727933,341.37991287238583,270.83427553784963,0.8002535480717075,0.7741055706114268
mutant_71,R3_Skalering,102346,204688,8.67651166394163,1.255432533947139,8.574657772208598,93.40181802118283,32.697672192286284,45.206091628027686,0.5909626814181755,0.3500753292068758
mutant_72,R1_Erstatning,640111,1280320,1.437069058418274,1.991867184638977,1.6341159343719482,4.677576299445306,3.335737491313932,10.076936345047198,0.8391550813674213,0.7131337422992978
mutant_73,R1_Erstatning,640111,1280320,1.437069058418274,1.991867184638977,1.6341159343719482,4.677576299445306,3.335737491313932,10.076936345047198,0.8391550813674213,0.7131337422992978
mutant_74,R7_Forskyving,308201,616666,1.106646164338149,1.994516909122467,1.1440898776054382,2.525263193394598,1.6205926793988972,6.94487581479407,0.7981818978013809,0.6417519899066074
mutant_75,R1_Erstatning,573454,1178272,5.588150501251221,11.400000095367432,6.329685926437378,403.23211181471976,279.68672548097487,324.4080202255554,0.795201399697664,0.6936122329698968
mutant_76,R7_Forskyving,419126,838284,1.4665461241557587,1.991867184638977,1.6341159343719482,4.773522435967521,3.334856598264605,8.979146942154163,0.8384031444726038,0.6986154654133683
mutant_77,R7_Forskyving,259814,550968,4.286059509358006,7.5,5.414910316467285,174.06470890661532,114.59531626339817,86.74396932457734,0.7946816240251631,0.6583489380657734
mutant_78,R3_Skalering,93001,186000,8.94590262657834,1.1157682841787109,5.785426063916719,57.74754512351696,20.54460030665773,33.54690299551356,0.5912127348199232,0.35576577779565566
mutant_79,R7_Forskyving,93001,186000,8.100706597655439,1.0199999809265137,6.611443996429443,54.628514340417816,19.00517725506243,31.670210454536544,0.5809594049409689,0.3478984827709498
mutant_80,R3_Skalering,405163,810308,7.643857835978776,9.482404052162352,5.103143418703662,369.88679918332747,295.90087934819707,246.16288748852253,0.8077733706000899,0.799976857788697
mutant_81,R7_Forskyving,259814,550968,5.362957581120291,7.5,5.414910316467285,217.79950749588525,114.5953162633982,86.82140270134809,0.7859773656710033,0.526150483905769
mutant_82,R3_Skalering,259814,550968,3.5139001528620746,7.411900394246989,5.045869656107256,131.41805006171217,100.75595649852647,79.8415725133786,0.7935557086522028,0.7666827840712354
mutant_83,R3_Skalering,220985,442036,0.5066297115241988,0.9972774076628432,0.4407973172460028,0.22271300558552973,0.14151417428168678,0.9851079290014432,0.769419814549363,0.6354104642862461
mutant_84,R1_Erstatning,568015,1167634,3.68043053150177,7.5,5.414910316467285,149.4690094055258,114.62502292820783,93.67287479130053,0.7966390070406354,0.7668815320587131
mutant_85,R1_Erstatning,568015,1167634,3.68043053150177,7.5,5.414910316467285,149.4690094055258,114.62502292820783,93.67287479130053,0.7966390070406354,0.7668815320587131
mutant_86,R7_Forskyving,259814,550968,3.6804406766399547,7.5,5.414910316467285,149.46942141812644,114.59531626339817,86.72827396910309,0.7964958886356137,0.7666806707094203
mutant_87,R1_Erstatning,204692,409376,8.703559875488281,1.14000004529953,8.703974723815918,86.3613477180455,30.23297723314425,84.4502392547796,0.5728821989693696,0.35007532920687584
mutant_88,R3_Skalering,220985,442036,0.5724779703345174,0.7641434101624833,0.5111458947041595,0.22360346460757502,0.1420799812623124,0.9914962291864817,0.807958460127972,0.6354104642862458
mutant_89,R1_Erstatning,406641,813304,7.921570062637329,11.400000095367432,6.611443996429443,597.0523968899541,343.92783504271694,269.0423263034906,0.804267924437353,0.5760429684802154
mutant_90,R3_Skalering,308201,616666,1.162065525261133,1.804858249532063,1.1801582102085582,2.475220813046582,1.5885190987837996,6.887657217025907,0.8087944836138101,0.641768641573678
mutant_91,R7_Forskyving,419126,838284,1.704004946889703,1.991867184638977,1.6341159343719482,5.546437108931825,3.334856598264605,9.015250054521687,0.8302289486187152,0.6012610497095957
mutant_92,R1_Erstatning,568015,1167634,3.68043053150177,7.5,5.414910316467285,149.4690094055258,114.62502292820783,93.67287479130053,0.7966390070406354,0.7668815320587131
mutant_93,R1_Erstatning,824289,1648592,7.078845739364624,11.0,5.480313539505005,426.7372356445799,341.38136866038434,279.50547252233076,0.8013938895289878,0.7999802692275801
mutant_94,R3_Skalering,93001,186000,6.67788570334788,0.8783925163830228,5.431407792488233,31.859578047028034,11.334547564142321,22.3262145767021,0.5881942834626389,0.35576577779565555
mutant_95,R3_Skalering,313640,627304,5.69622283049496,12.823654927945592,5.490426372949577,401.0558588878374,269.7935550136603,243.75474307238466,0.7608245429856864,0.6727081752697023
mutant_96,R3_Skalering,405163,810308,6.992962164625321,9.550781804799357,5.33626863328852,356.4000745165543,285.11181172741067,238.90538288043638,0.811398051817979,0.7999768577886973
mutant_97,R1_Erstatning,498164,996308,7.921570062637329,11.0,6.611443996429443,576.1031851621066,378.9402177218713,301.8915073031098,0.8094544579443045,0.6577644899068616
mutant_98,R7_Forskyving,419126,838284,1.6525955025581867,1.991867184638977,1.6341159343719482,5.379102354235046,3.3348565982646057,9.005765238086934,0.8323566964046348,0.6199652616089419
mutant_99,R1_Erstatning,824289,1648592,7.078845739364624,11.0,5.480313539505005,426.7372356445799,341.38136866038434,279.50547252233076,0.8013938895289878,0.7999802692275801
mutant_100,R1_Erstatning,568015,1167634,3.68043053150177,7.5,5.414910316467285,149.4690094055258,114.62502292820783,93.67287479130053,0.7966390070406354,0.7668815320587131
mutant_101,R7_Forskyving,102346,204688,8.89691455201107,1.14000004529953,8.703974723815918,88.27991560187452,30.232977233144254,42.615505749335206,0.5711587839770923,0.3424672194917945
mutant_102,R3_Skalering,102346,204688,9.079701183433153,1.1371990182214202,10.300054850566292,106.35246725243675,37.23137498536028,48.31118149468924,0.552931747958768,0.3500753292068759
mutant_103,R7_Forskyving,102346,204688,8.828058706472966,1.14000004529953,8.703974723815918,87.59669130009391,30.23297723314425,42.39406362972959,0.5721887970887305,0.34513834694475315
mutant_104,R1_Erstatning,480799,993004,3.68043053150177,7.5,5.414910316467285,149.4690094055258,114.6277222818065,87.8286650478911,0.7966514481824769,0.7668995916792953
mutant_105,R1_Erstatning,480799,993004,3.68043053150177,7.5,5.414910316467285,149.4690094055258,114.6277222818065,87.8286650478911,0.7966514481824769,0.7668995916792953
mutant_106,R7_Forskyving,259814,550968,5.101170496044011,7.5,5.414910316467285,207.16785558815442,114.59531626339817,86.79685462756571,0.7887041354243017,0.5531520125941323
mutant_107,R3_Skalering,102346,204688,10.049243724142748,0.9150634291792308,7.636523875335493,70.22314764707478,24.583391530492758,35.42624482225674,0.528673399435467,0.3500753292068759
mutant_108,R1_Erstatning,664977,1361276,7.078845739364624,11.0,5.480313539505005,426.7372356445799,341.7920666223217,357.25720122517464,0.8013956423561261,0.8009426833963765
mutant_109,R3_Skalering,259814,550968,3.2168606231418195,7.008071933860122,5.368639904134892,121.0305677922628,92.79205267269442,72.98170120173837,0.7898184080961668,0.7666827840712352
mutant_110,R3_Skalering,102346,204688,10.206292281670224,1.195537838510152,8.923567411831664,108.88544642348567,38.118108502539386,48.62388144210772,0.5641867254982296,0.3500753292068758
mutant_111,R7_Forskyving,308201,616666,1.3190939994727888,1.994516909122467,1.1440898776054382,3.010049311912187,1.6205926793988974,6.966727749157659,0.79494269541845,0.5383940631754591
mutant_112,R1_Erstatning,441970,884072,0.560012698173523,0.9399999976158142,0.5033519864082336,0.26497049312504606,0.1683650240587411,2.2008622606753425,0.7903554075050028,0.6354104642862461
mutant_113,R3_Skalering,93001,186000,6.449364588421359,0.9454833858558116,5.352514946753207,32.63838937157239,11.611621980774908,23.109596750834903,0.6047482239270123,0.35576577779565555
mutant_114,R1_Erstatning,352815,736968,7.921570062637329,7.5,6.611443996429443,392.79762624689084,179.71716522420283,118.09077391304204,0.8188545572480205,0.45753118963922296
mutant_115,R7_Forskyving,419126,838284,1.7759880287193508,1.991867184638977,1.6341159343719482,5.780737858471303,3.334856598264605,9.028734747636793,0.8272268532055135,0.5768911650919415
mutant_116,R3_Skalering,220985,442036,0.5780409736226825,0.7609135956834613,0.4427466286470455,0.19473733874915097,0.12373814282846603,0.9108431601652668,0.7964082284063491,0.6354104642862463
mutant_117,R3_Skalering,102346,204688,8.664697404304423,1.0161272776881363,10.25976876754342,90.33147118326127,31.622819512221607,43.055086742745004,0.5362741761783053,0.35007532920687584
mutant_118,R1_Erstatning,313986,628036,7.921570062637329,1.0199999809265137,6.611443996429443,53.42047617064114,19.89817803862275,32.46297112582628,0.5836469401498945,0.37248222900638245
mutant_119,R7_Forskyving,93001,186000,7.962175358682472,1.0199999809265137,6.611443996429443,53.694304999096786,19.00517725506243,31.380865660101946,0.5827287947711545,0.3539514526797977
mutant_120,R3_Skalering,93001,186000,6.993417883044575,0.9487369314764152,7.2531217718600045,48.12383790323285,17.120814622155688,29.483726337943423,0.5746679980566726,0.35576577779565566
mutant_121,R1_Erstatning,204692,409376,8.703559875488281,1.14000004529953,8.703974723815918,86.3613477180455,30.23297723314425,84.4502392547796,0.5728821989693696,0.35007532920687584
mutant_122,R7_Forskyving,102346,204688,8.98737394973073,1.14000004529953,8.703974723815918,89.17750183240462,30.23297723314425,43.040830663467915,0.5691383745631888,0.33902023057298103
mutant_123,R3_Skalering,220985,442036,0.5111172155918008,0.9682209676155714,0.5739344890778746,0.28402548881737416,0.1804727677185758,1.142843792683474,0.7936532099055427,0.6354104642862464
mutant_124,R7_Forskyving,313640,627304,6.532235953823639,11.400000095367432,6.329685926437378,471.35582657313466,271.25753814902856,237.9761334168259,0.7855948798425243,0.5754835791914005
mutant_125,R7_Forskyving,313640,627304,8.521028814764747,11.400000095367432,6.329685926437378,614.8639774541392,271.25753814902856,240.2953832282131,0.7752984627491983,0.4411667427195486
mutant_126,R3_Skalering,220985,442036,0.5320206635692185,0.8978258996356443,0.5299699091598455,0.2531464501248962,0.16085190340627534,1.062695352678063,0.7976416798777555,0.635410464286246
mutant_127,R7_Forskyving,313640,627304,7.895646896095084,11.400000095367432,6.329685926437378,569.7374062031597,271.25753814902856,239.34176086457006,0.7794114743277913,0.4761097572243699
mutant_128,R7_Forskyving,102346,204688,8.821678759083216,1.14000004529953,8.703974723815918,87.53338607064399,30.232977233144254,42.39219414145077,0.5718904233045039,0.34538795527394167
mutant_129,R7_Forskyving,259814,550968,4.987494290550028,7.5,5.414910316467285,202.55125715415772,114.59531626339817,86.78732904191818,0.7897700465802362,0.5657595903054897
mutant_130,R7_Forskyving,419126,838284,1.5220041525037344,1.991867184638977,1.6341159343719482,4.9540350964377,3.334856598264605,8.986513676770262,0.836717257410571,0.6731596634554732
mutant_131,R7_Forskyving,313640,627304,7.022825014047801,11.400000095367432,6.329685926437378,506.755958109158,271.25753814902856,238.36606809175515,0.7838825538517745,0.535282385551347
mutant_132,R1_Erstatning,529186,1058702,1.1066174507141113,1.994516909122467,1.1440898776054382,2.5251976715862114,1.639386398047716,8.04507200408478,0.8034650420235958,0.6492111158244217
mutant_133,R3_Skalering,102346,204688,9.257794106685315,1.3001775285960249,7.068164353483914,85.0779100778226,29.783677378726725,42.882987870692986,0.6032762226156829,0.35007532920687584
mutant_134,R1_Erstatning,323331,646724,8.703559875488281,1.14000004529953,8.703974723815918,86.3613477180455,31.15579166640994,43.32555075772746,0.5740970410064937,0.3607608321274476
mutant_135,R7_Forskyving,419126,838284,1.4502350634657104,1.991867184638977,1.6341159343719482,4.7204308810031685,3.3348565982646057,8.9771504044244,0.8388601956529782,0.7064729221405089
mutant_136,R1_Erstatning,718803,1437612,7.078845739364624,11.400000095367432,6.329685926437378,510.79832514451914,367.22967095261697,508.2087536156232,0.8047881729715726,0.7189328016075961
mutant_137,R3_Skalering,259814,550968,4.4033874607948755,8.990419733303131,5.347563793362975,211.70096785395376,162.30748742484437,114.67887409722456,0.7926441200651995,0.7666827840712354
mutant_138,R1_Erstatning,441970,884072,0.560012698173523,0.9399999976158142,0.5033519864082336,0.26497049312504606,0.1683650240587411,2.2008622606753425,0.7903554075050028,0.6354104642862461
mutant_139,R1_Erstatning,410547,821354,8.703559875488281,1.994516909122467,8.703974723815918,151.09575567866668,42.943612220046724,49.169760501136906,0.6287027235884602,0.28421455008553864
mutant_140,R1_Erstatning,313986,628036,7.921570062637329,1.0199999809265137,6.611443996429443,53.42047617064114,19.89817803862275,32.46297112582628,0.5836469401498945,0.37248222900638245
mutant_141,R7_Forskyving,313640,627304,6.809749639603197,11.400000095367432,6.329685926437378,491.38077571316273,271.25753814902856,238.16831701698277,0.7847155508982533,0.5520312384124928
mutant_142,R7_Forskyving,259814,550968,3.9565969805016934,7.5,5.414910316467285,160.68463355866447,114.59531626339817,86.73304962383308,0.79593762105553,0.7131691047579884
mutant_143,R1_Erstatning,664977,1361276,7.078845739364624,11.0,5.480313539505005,426.7372356445799,341.7920666223217,357.25720122517464,0.8013956423561261,0.8009426833963765
mutant_144,R3_Skalering,419126,838284,1.3904454944216855,2.1759594987489725,1.7124036182544262,5.180968043261497,3.6937474363630494,9.434670106588248,0.8343083184674481,0.7129454197593893
mutant_145,R1_Erstatning,498164,996308,7.921570062637329,11.0,6.611443996429443,576.1031851621066,378.9402177218713,301.8915073031098,0.8094544579443045,0.6577644899068616
mutant_146,R1_Erstatning,621841,1243970,5.588150501251221,11.400000095367432,6.329685926437378,403.23211181471976,271.5286327967354,244.62442718174907,0.7874808417123618,0.673380479482992
mutant_147,R1_Erstatning,521472,1042972,8.703559875488281,1.991867184638977,8.703974723815918,150.8950243028924,45.37428281148206,51.20162484209932,0.631331265759929,0.30070098746531243
mutant_148,R1_Erstatning,401202,802666,7.921570062637329,1.994516909122467,6.611443996429443,104.4588676550121,29.501547920087802,38.307180869235715,0.6514950358438923,0.2824226279909542
mutant_149,R3_Skalering,405163,810308,6.0413437695994965,9.917860027617461,5.671136002025346,339.79860075408476,271.8310169122486,231.84351594282373,0.8081912488903348,0.7999768577886966
mutant_150,R1_Erstatning,529186,1058702,1.1066174507141113,1.994516909122467,1.1440898776054382,2.5251976715862114,1.639386398047716,8.04507200408478,0.8034650420235958,0.6492111158244217
mutant_151,R1_Erstatning,664977,1361276,7.078845739364624,11.0,5.480313539505005,426.7372356445799,341.7920666223217,357.25720122517464,0.8013956423561261,0.8009426833963765
mutant_152,R1_Erstatning,627280,1254608,5.588150501251221,11.400000095367432,6.329685926437378,403.23211181471976,271.25753814902856,475.35957261600396,0.786968355010346,0.672708175269702
mutant_153,R1_Erstatning,664977,1361276,7.078845739364624,11.0,5.480313539505005,426.7372356445799,341.7920666223217,357.25720122517464,0.8013956423561261,0.8009426833963765
mutant_154,R7_Forskyving,405163,810308,8.238292846813474,11.0,5.480313539505005,496.63270613879024,341.37991287238583,271.70950383606095,0.7970371435818713,0.6873891079919794
mutant_155,R3_Skalering,313640,627304,6.524194130110486,9.884778039129076,6.9261759273485,446.6705460104531,300.47892795341323,254.15386905629657,0.8081569586053365,0.6727081752697016
mutant_156,R7_Forskyving,313640,627304,8.268873374347711,11.400000095367432,6.329685926437378,596.6688392376282,271.25753814902856,239.8901283807112,0.7770844095727019,0.45461991696368453
mutant_157,R7_Forskyving,259814,550968,4.18716214113819,7.5,5.414910316467285,170.04830606077823,114.5953162633982,86.74040760264153,0.7951306575874766,0.6738986051554071
mutant_158,R3_Skalering,220985,442036,0.6527652133286543,0.7882923857792289,0.5886299839530639,0.3028912409992696,0.1924602640715832,1.2241153753488894,0.8133044755447859,0.6354104642862463
mutant_159,R3_Skalering,419126,838284,1.589554979051503,1.6812692272718204,1.6003590652414235,4.27691138517714,3.0492043827788273,8.863487303457603,0.8420178841041382,0.7129454197593893
mutant_160,R1_Erstatning,512127,1024284,7.921570062637329,1.991867184638977,6.611443996429443,104.32009359003568,31.45529438822302,40.33904521019814,0.6550628462443845,0.301526707901914
mutant_161,R3_Skalering,259814,550968,3.218525626109912,6.294482138234296,6.0619828698322245,122.80942037877125,94.15586832617105,73.26372719968052,0.7924816963180742,0.7666827840712354
mutant_162,R7_Forskyving,102346,204688,8.890128018292518,1.14000004529953,8.703974723815918,88.21257600673728,30.232977233144254,42.589695182397094,0.5712801751367111,0.3427286516475292
mutant_163,R7_Forskyving,308201,616666,1.2795626495080046,1.994516909122467,1.1440898776054382,2.919842463266058,1.6205926793988972,6.960990483084738,0.7958019678345679,0.5550274371947264
mutant_164,R7_Forskyving,220985,442036,0.5658617098868683,0.9399999976158142,0.5033519864082336,0.2677379580825979,0.1683650240587411,1.1007932102156568,0.7900087026740512,0.6288425640670644
mutant_165,R1_Erstatning,718803,1437612,7.078845739364624,11.400000095367432,6.329685926437378,510.79832514451914,367.22967095261697,508.20875361562315,0.8047881729715728,0.7189328016075961
mutant_166,R3_Skalering,313640,627304,4.89819125883424,12.870898957666274,7.504952174607349,473.1431412721651,318.28725920657297,262.6723393910663,0.7725987724873161,0.6727081752697018
mutant_167,R3_Skalering,102346,204688,8.30466125713978,1.3220047405642368,9.830849051558618,107.93094081213562,37.783959636416206,50.698888735089525,0.5906826445669787,0.35007532920687584
mutant_168,R3_Skalering,419126,838284,1.7234491697093632,1.7820999796351493,1.712707526797403,5.2603392147791395,3.750334749557491,10.221033211838332,0.8417329838226765,0.7129454197593895
mutant_169,R7_Forskyving,419126,838284,1.5730475806654294,1.991867184638977,1.6341159343719482,5.12017848976521,3.334856598264605,8.992916413769738,0.8352656432520404,0.6513164736211232
mutant_170,R1_Erstatning,621841,1243970,5.588150501251221,11.400000095367432,6.329685926437378,403.23211181471976,271.5286327967354,244.62442718174907,0.7874808417123618,0.673380479482992
mutant_171,R7_Forskyving,93001,186000,7.989014438780654,1.0199999809265137,6.611443996429443,53.8752989721968,19.005177255062428,31.404281297403273,0.5825534604244795,0.3527623533907505
mutant_172,R1_Erstatning,410547,821354,8.703559875488281,1.994516909122467,8.703974723815918,151.09575567866668,42.943612220046724,49.169760501136906,0.6287027235884602,0.28421455008553864
mutant_173,R1_Erstatning,727327,1454950,1.437069058418274,1.994516909122467,1.6341159343719482,4.683798746674527,3.4112973433465137,15.921146088456636,0.8466593774790191,0.7283185140626542
mutant_174,R1_Erstatning,186002,372000,7.921570062637329,1.0199999809265137,6.611443996429443,53.42047617064114,19.005177255062428,62.72507999097722,0.5828316874973201,0.35576577779565555
mutant_175,R7_Forskyving,405163,810308,7.078845739364624,11.0,5.480313539505005,426.7372356445799,341.3799128723858,270.52898073763276,0.8013915923770559,0.799976857788697
mutant_176,R1_Erstatning,204692,409376,8.703559875488281,1.14000004529953,8.703974723815918,86.3613477180455,30.23297723314425,84.4502392547796,0.5728821989693696,0.35007532920687584
mutant_177,R1_Erstatning,838252,1676568,1.437069058418274,1.991867184638977,1.6341159343719482,4.677576299445306,3.3348565982646057,17.953010429419056,0.8390076934221518,0.7129454197593895
mutant_178,R3_Skalering,405163,810308,5.776153692533877,12.528703447979046,4.935095033504635,357.14155919182843,285.70498230803486,246.53696064072037,0.7716888479469787,0.799976857788697
mutant_179,R7_Forskyving,93001,186000,8.040410335703577,1.0199999809265137,6.611443996429443,54.22189608175082,19.00517725506243,31.50226537905132,0.5819908003823872,0.35050742649073285
mutant_180,R1_Erstatning,678940,1389252,3.68043053150177,7.5,5.414910316467285,149.4690094055258,114.64505428559892,95.70473913226297,0.796730912798405,0.7670155488523666
mutant_181,R7_Forskyving,405163,810308,8.869183325039604,11.0,5.480313539505005,534.6649600662322,341.37991287238583,272.6541565762536,0.7936605834158073,0.6384931468673336
mutant_182,R3_Skalering,308201,616666,1.083614346189554,2.1731984578822643,0.9261796928992347,2.1810689185787773,1.3997416370548723,6.397367381153783,0.7677449450907086,0.6417686415736777
mutant_183,R3_Skalering,220985,442036,0.5306873517892517,0.8702211402827352,0.5516923287074498,0.2547799872026378,0.1618898699592719,1.0672589641312091,0.8025146809383616,0.635410464286246
mutant_184,R1_Erstatning,573454,1178272,5.588150501251221,11.400000095367432,6.329685926437378,403.23211181471976,279.68672548097487,324.4080202255554,0.795201399697664,0.6936122329698968
mutant_185,R3_Skalering,313640,627304,5.877558462801241,12.20527130415404,5.531649184561858,396.8249997897399,266.9474215099558,241.16318232207863,0.7684791389664014,0.6727081752697021
mutant_186,R3_Skalering,419126,838284,1.5255162589411932,2.0256133759484047,1.8519194395203336,5.7226276296212655,4.079921157527013,10.312471282191568,0.840432539022375,0.7129454197593895
mutant_187,R3_Skalering,308201,616666,0.9390696884371065,1.8629370591535932,1.2072396095957094,2.111978442196389,1.3554015358812688,6.137213517727195,0.8009451106473909,0.6417686415736779
mutant_188,R7_Forskyving,220985,442036,0.5600812321167864,0.9399999976158142,0.5033519864082336,0.2650029200196532,0.16836502405874113,1.1005405399722625,0.7902520968847534,0.6353327127348438
mutant_189,R3_Skalering,102346,204688,9.862862127940883,1.340740907776013,7.027459270253189,92.92790789212263,32.531767947841075,45.56040508436462,0.6015071676895183,0.35007532920687595
mutant_190,R1_Erstatning,323331,646724,8.703559875488281,1.14000004529953,8.703974723815918,86.3613477180455,31.15579166640993,43.32555075772747,0.5740970410064935,0.3607608321274475
mutant_191,R1_Erstatning,732766,1465588,5.588150501251221,11.400000095367432,6.329685926437378,403.23211181471976,271.7820756444209,246.65629152271148,0.787940611693207,0.674009007916764
mutant_192,R3_Skalering,259814,550968,3.335481867721736,6.39863506651514,5.140062754757156,109.70194993196795,84.10659639188445,70.31037589407194,0.8004821036151252,0.7666827840712354
mutant_193,R3_Skalering,313640,627304,5.610039746658116,10.597616850502856,7.522124569228077,447.2132612931005,300.84401696089407,250.93857225711673,0.8015726926266069,0.672708175269702
mutant_194,R7_Forskyving,220985,442036,0.679205404250492,0.9399999976158142,0.5033519864082336,0.32136662522906695,0.1683650240587411,1.1049304281824495,0.7860210315498245,0.5239032644996418
mutant_195,R7_Forskyving,313640,627304,5.909894032397602,11.400000095367432,6.329685926437378,426.4486167205614,271.25753814902856,237.72015734067247,0.7867921852119312,0.6360849291411238
mutant_196,R1_Erstatning,621841,1243970,5.588150501251221,11.400000095367432,6.329685926437378,403.23211181471976,271.52863279673534,244.62442718174907,0.7874808417123615,0.6733804794829917
mutant_197,R7_Forskyving,93001,186000,8.190496898496672,1.0199999809265137,6.611443996429443,55.23403074543801,19.00517725506243,31.98594761612771,0.5788867098839259,0.3440845616111792
mutant_198,R3_Skalering,405163,810308,8.338903224401069,11.156967527600829,4.899828565371028,455.86472546148184,364.6812306513834,286.73559605423463,0.7876261678033417,0.7999768577886972
mutant_199,R7_Forskyving,308201,616666,1.5697910871868883,1.994516909122467,1.1440898776054382,3.582116652582234,1.6205926793988972,7.018030647096146,0.7870495871895576,0.4524120336032785
mutant_200,R3_Skalering,419126,838284,1.3057557113966138,1.6397823367312918,1.409491046980434,3.0179390164243958,2.15162579887293,6.8106648712534,0.8413214456858013,0.7129454197593895
mutant_201,R7_Forskyving,405163,810308,9.431129570751136,11.0,5.480313539505005,568.5410178735482,341.37991287238583,273.65829313225146,0.7900297944722379,0.600449047896688
mutant_202,R7_Forskyving,102346,204688,8.772460474677104,1.14000004529953,8.703974723815918,87.04501608933865,30.232977233144258,42.286132400080874,0.5724832431249552,0.3473257699454572
mutant_203,R3_Skalering,308201,616666,1.3042965907477504,2.0969054424972664,1.2027233214520832,3.289432191456284,2.1110544290596254,8.342719140254225,0.7991413556759713,0.6417686415736779
mutant_204,R1_Erstatning,621841,1243970,5.588150501251221,11.400000095367432,6.329685926437378,403.23211181471976,271.52863279673534,244.62442718174907,0.7874808417123615,0.6733804794829917
mutant_205,R7_Forskyving,220985,442036,0.5600418339793145,0.9399999976158142,0.5033519864082336,0.2649842787567887,0.16836502405874113,1.1005466566098314,0.7902392708790315,0.6353774074773397
mutant_206,R1_Erstatning,824289,1648592,7.078845739364624,11.0,5.480313539505005,426.7372356445799,341.38136866038434,279.50547252233076,0.8013938895289878,0.7999802692275801
mutant_207,R7_Forskyving,419126,838284,1.7869614608883178,1.991867184638977,1.6341159343719482,5.816455742686016,3.3348565982646057,9.030816197522476,0.8267747534097362,0.5733485727039302
mutant_208,R7_Forskyving,313640,627304,8.4738828666046,11.400000095367432,6.329685926437378,611.4620003177205,271.25753814902856,240.20367233354426,0.7755750117757679,0.4436212520288767
mutant_209,R7_Forskyving,313640,627304,5.691917352803064,11.400000095367432,6.329685926437378,410.71976388820013,271.25753814902856,237.68386343806426,0.7869468902623631,0.6604443272490441
mutant_210,R7_Forskyving,259814,550968,5.30170922507439,7.5,5.414910316467285,215.31209983323816,114.5953162633982,86.81533149969708,0.7866490871215974,0.5322288731202458
mutant_211,R3_Skalering,93001,186000,8.360219915062702,1.197502019533917,7.410337109769738,74.18770245346604,26.39344566623002,39.68614322273867,0.5967165413386414,0.35576577779565566
mutant_212,R7_Forskyving,93001,186000,7.969737532573231,1.0199999809265137,6.611443996429443,53.74530182509659,19.00517725506243,31.38420897464438,0.5826837784046123,0.353615601916443
mutant_213,R7_Forskyving,93001,186000,8.14125012146576,1.0199999809265137,6.611443996429443,54.90192659713677,19.00517725506243,31.783871092368724,0.5801512385331311,0.34616594413015706
mutant_214,R1_Erstatning,824289,1648592,7.078845739364624,11.0,5.480313539505005,426.7372356445799,341.38136866038434,279.50547252233076,0.8013938895289878,0.7999802692275801
mutant_215,R3_Skalering,419126,838284,1.6863349935542882,1.8562244798543819,1.8284759147221061,5.723525105601339,4.080561008916351,10.673225468500844,0.8424088981341243,0.7129454197593895
mutant_216,R7_Forskyving,405163,810308,9.52250638159588,11.0,5.480313539505005,574.0495271839098,341.37991287238583,273.87810189343963,0.7893068285938091,0.5946872120025577
mutant_217,R1_Erstatning,313986,628036,7.921570062637329,1.0199999809265137,6.611443996429443,53.42047617064114,19.89817803862275,32.46297112582628,0.5836469401498946,0.37248222900638245
mutant_218,R3_Skalering,93001,186000,6.671161391969856,0.9440465281577571,6.519569156374397,41.05950821130589,14.60756787470235,26.676037926225103,0.5872355301354769,0.35576577779565566
mutant_219,R7_Forskyving,259814,550968,4.870710942195907,7.5,5.414910316467285,197.80847197070028,114.59531626339817,86.77825624106697,0.790789478796884,0.5793246119426686
mutant_220,R3_Skalering,220985,442036,0.6247479127671745,0.8212168228145948,0.5247498361034145,0.2692247379292102,0.17106821572494244,1.1252555422693722,0.8045971355922058,0.6354104642862463
mutant_221,R7_Forskyving,259814,550968,4.483014639759114,7.5,5.414910316467285,182.0634166627912,114.5953162633982,86.75340044801126,0.7936043042646801,0.6294252758951895
mutant_222,R3_Skalering,102346,204688,10.3370594472952,1.009491097553936,7.510848544976411,78.3769775574928,27.437846220679205,38.561066519181416,0.5448850406505044,0.3500753292068758
mutant_223,R1_Erstatning,713364,1426974,7.078845739364624,11.0,5.480313539505005,426.7372356445799,341.38261325636836,277.4736081813683,0.801395836421364,0.7999831857670335
mutant_224,R3_Skalering,259814,550968,3.99332633442194,6.322401851612666,6.081740532147109,153.54821990529393,117.72277672617304,90.50921958949057,0.8100284803193739,0.7666827840712354
mutant_225,R1_Erstatning,626148,1252344,7.078845739364624,11.0,5.480313539505005,426.7372356445799,341.3825630788171,271.62939843795886,0.8013957580202625,0.7999830681828458
mutant_226,R3_Skalering,259814,550968,4.364609288530636,6.843102503672502,5.555148564846562,165.9182261615857,127.2066475617254,98.23345635624052,0.8128832366611098,0.7666827840712354
mutant_227,R1_Erstatning,568015,1167634,3.68043053150177,7.5,5.414910316467285,149.4690094055258,114.62502292820783,93.67287479130053,0.7966390070406354,0.7668815320587131
mutant_228,R7_Forskyving,259814,550968,5.68625734985479,7.5,5.414910316467285,230.9293018936247,114.59531626339817,86.85673284162408,0.7821021731630299,0.4962354942560965
mutant_229,R1_Erstatning,406641,813304,7.921570062637329,11.400000095367432,6.611443996429443,597.0523968899541,343.92783504271694,269.0423263034906,0.804267924437353,0.5760429684802154
mutant_230,R1_Erstatning,521472,1042972,8.703559875488281,1.991867184638977,8.703974723815918,150.8950243028924,45.37428281148206,51.20162484209932,0.631331265759929,0.30070098746531243
mutant_231,R3_Skalering,313640,627304,4.576883878984296,13.31567018495764,5.202801875019282,317.0809945235769,213.30297723865775,209.224001982964,0.7419162528461138,0.6727081752697018
mutant_232,R1_Erstatning,401202,802666,7.921570062637329,1.994516909122467,6.611443996429443,104.4588676550121,29.501547920087805,38.307180869235715,0.6514950358438926,0.28242262799095424
mutant_233,R1_Erstatning,718803,1437612,7.078845739364624,11.400000095367432,6.329685926437378,510.79832514451914,367.22967095261697,508.2087536156232,0.8047881729715726,0.7189328016075961
mutant_234,R3_Skalering,259814,550968,4.014330000584399,8.856863204895705,4.6866150656189,166.6296539382549,127.75208699020777,98.82246067906428,0.7827000024422895,0.7666827840712355
mutant_235,R7_Forskyving,259814,550968,4.91408237740638,7.5,5.414910316467285,199.5698652104092,114.59531626339817,86.78228564495066,0.7904199703117525,0.5742115230802947
mutant_236,R3_Skalering,308201,616666,1.0115529858163308,1.744626336471056,1.2496975188109214,2.2054436613871675,1.4153845826357208,6.343736841741204,0.8102624763513651,0.6417686415736779
mutant_237,R7_Forskyving,102346,204688,8.840816435874878,1.14000004529953,8.703974723815918,87.72328027296628,30.232977233144254,42.42828135730976,0.5720319823211956,0.3446402954730953
mutant_238,R1_Erstatning,441970,884072,0.560012698173523,0.9399999976158142,0.5033519864082336,0.26497049312504606,0.1683650240587411,2.2008622606753425,0.7903554075050028,0.6354104642862461
mutant_239,R7_Forskyving,405163,810308,9.401706745497862,11.0,5.480313539505005,566.7673084898821,341.3799128723858,273.59936301026613,0.7902387559167736,0.6023281649429857
mutant_240,R7_Forskyving,308201,616666,1.133570634081252,1.994516909122467,1.1440898776054382,2.5867023187762754,1.6205926793988974,6.9472112100676675,0.7978602806503854,0.6265091532316607
mutant_241,R7_Forskyving,93001,186000,8.062085616666968,1.0199999809265137,6.611443996429443,54.368067083337756,19.00517725506243,31.539094579116274,0.581693632212705,0.3495650714587749
mutant_242,R3_Skalering,102346,204688,9.322801898624617,1.362766630438867,7.12694981764751,90.54649577340918,31.698094316405207,45.02602109732895,0.6092448628609511,0.35007532920687584
mutant_243,R7_Forskyving,308201,616666,1.1250279826870664,1.994516909122467,1.1440898776054382,2.5672087861233703,1.6205926793988967,6.9461260861650675,0.7979782830244015,0.6312664120498289
mutant_244,R3_Skalering,102346,204688,9.427574372887998,1.3308008569157985,9.572312990106731,120.09638348962858,42.04278098668693,53.22333467320462,0.5845345727216583,0.3500753292068758
mutant_245,R1_Erstatning,824289,1648592,7.078845739364624,11.0,5.480313539505005,426.7372356445799,341.38136866038434,279.50547252233076,0.8013938895289878,0.7999802692275801
mutant_246,R1_Erstatning,568015,1167634,3.68043053150177,7.5,5.414910316467285,149.4690094055258,114.62502292820783,93.67287479130053,0.7966390070406354,0.7668815320587131
mutant_247,R7_Forskyving,220985,442036,0.6627285899084314,0.9399999976158142,0.5033519864082336,0.31357060625381006,0.1683650240587411,1.1040623541611232,0.7868157131653679,0.5369285918414918
mutant_248,R7_Forskyving,313640,627304,7.719633217409854,11.400000095367432,6.329685926437378,557.0365372217981,271.25753814902856,239.1131279793205,0.780437257899694,0.48696543228908623
mutant_249,R1_Erstatning,529186,1058702,1.1066174507141113,1.994516909122467,1.1440898776054382,2.5251976715862114,1.639386398047716,8.04507200408478,0.8034650420235958,0.6492111158244217
mutant_250,R3_Skalering,102346,204688,9.961912076147827,1.168159043069811,7.3203181592795765,85.18725745370858,29.82195719733792,41.78916424528417,0.5763013636631672,0.35007532920687584
mutant_251,R7_Forskyving,220985,442036,0.5600272151697007,0.9399999976158142,0.5033519864082336,0.2649773618543596,0.1683650240587411,1.1004364954704469,0.7903508849245371,0.6353939932094279
mutant_252,R7_Forskyving,405163,810308,7.106771916620053,11.0,5.480313539505005,428.4207219250949,341.37991287238583,270.7077789387929,0.8007227613707504,0.7968333355548398
mutant_253,R3_Skalering,308201,616666,1.1160596256589206,1.6470511021988257,0.9579517332953211,1.7609138084197407,1.1300992627578685,5.536292953537013,0.7995305145389895,0.6417686415736779
mutant_254,R1_Erstatning,352815,736968,7.921570062637329,7.5,6.611443996429443,392.79762624689084,179.71716522420283,118.09077391304203,0.8188545572480205,0.45753118963922296
mutant_255,R7_Forskyving,308201,616666,1.194272988724968,1.994516909122467,1.1440898776054382,2.7252194228642286,1.6205926793988967,6.950301943163334,0.7973208935315875,0.5946650261635227
mutant_256,R1_Erstatning,401202,802666,7.921570062637329,1.994516909122467,6.611443996429443,104.4588676550121,29.501547920087805,38.307180869235715,0.6514950358438926,0.28242262799095424
mutant_257,R1_Erstatning,410547,821354,8.703559875488281,1.994516909122467,8.703974723815918,151.09575567866668,42.94361222004671,49.16976050113691,0.6287027235884601,0.2842145500855386
mutant_258,R7_Forskyving,313640,627304,7.001975933374691,11.400000095367432,6.329685926437378,505.25152138589306,271.25753814902856,238.3470502615531,0.7839681418202697,0.5368762421634585
mutant_259,R1_Erstatning,568015,1167634,3.68043053150177,7.5,5.414910316467285,149.4690094055258,114.62502292820783,93.67287479130053,0.7966390070406354,0.7668815320587131
mutant_260,R1_Erstatning,621841,1243970,5.588150501251221,11.400000095367432,6.329685926437378,403.23211181471976,271.5286327967354,244.62442718174907,0.7874808417123618,0.673380479482992
mutant_261,R1_Erstatning,362160,755656,8.703559875488281,7.5,8.703974723815918,568.1667387260131,210.38113855691344,128.95335354494324,0.8040788456277529,0.37028063104969167
mutant_262,R1_Erstatning,573454,1178272,5.588150501251221,11.400000095367432,6.329685926437378,403.23211181471976,279.68672548097487,324.4080202255554,0.7952013996976639,0.6936122329698968
mutant_263,R3_Skalering,405163,810308,6.399692817145445,9.631632709943515,6.541759891107919,403.23074778123333,322.5752665738176,259.46754435521115,0.8175662983385199,0.7999768577886969
mutant_264,R7_Forskyving,313640,627304,7.212434680231867,11.400000095367432,6.329685926437378,520.4378920690192,271.25753814902856,238.5510984073408,0.7830506976022004,0.5212102006459112
mutant_265,R7_Forskyving,93001,186000,8.186858047704511,1.0199999809265137,6.611443996429443,55.20949152650868,19.00517725506243,31.96972308574279,0.5789880026682198,0.3442374984731955
mutant_266,R1_Erstatning,573454,1178272,5.588150501251221,11.400000095367432,6.329685926437378,403.23211181471976,279.68672548097487,324.4080202255554,0.795201399697664,0.6936122329698968
mutant_267,R3_Skalering,419126,838284,1.3623156768913558,1.9776411725939773,1.5575558960478693,4.196322818008771,2.991749132931167,8.299655898832771,0.8371454408657396,0.7129454197593893
mutant_268,R1_Erstatning,621841,1243970,5.588150501251221,11.400000095367432,6.329685926437378,403.23211181471976,271.52863279673534,244.62442718174907,0.7874808417123615,0.6733804794829917
mutant_269,R7_Forskyving,405163,810308,7.49096871680535,11.0,5.480313539505005,451.5814301098847,341.3799128723858,270.9572921968,0.7997984967442,0.7559653477985504
mutant_270,R3_Skalering,405163,810308,7.445705007274646,10.570443166327768,6.552574030961013,515.7164181293026,412.56119968512127,304.93641315326886,0.8168311718023514,0.7999768577886969
mutant_271,R3_Skalering,259814,550968,4.183235661669641,6.692876404463756,6.297969089878669,176.32977812573705,135.18900520810328,99.24135652830108,0.8100316075073796,0.7666827840712352
mutant_272,R7_Forskyving,419126,838284,1.648629337324846,1.991867184638977,1.6341159343719482,5.366192716812626,3.3348565982646057,9.005035086007153,0.8325210511929986,0.6214567337129518
mutant_273,R7_Forskyving,220985,442036,0.6934753183220267,0.9399999976158142,0.5033519864082336,0.3281184474300967,0.16836502405874113,1.1057498451005057,0.7852361509588777,0.5131227011995724
mutant_274,R7_Forskyving,93001,186000,8.009978420459738,1.0199999809265137,6.611443996429443,54.01667320418289,19.005177255062424,31.441952922753586,0.582359533844215,0.3518390920378029
mutant_275,R3_Skalering,419126,838284,1.36530959957797,2.374241212378339,1.4860617081037524,4.81717946939944,3.4343860388672964,8.998685984630152,0.8235461159088525,0.7129454197593894
mutant_276,R1_Erstatning,512127,1024284,7.921570062637329,1.991867184638977,6.611443996429443,104.32009359003568,31.455294388223013,40.33904521019814,0.6550628462443845,0.30152670790191394
mutant_277,R3_Skalering,308201,616666,0.9195979710463487,2.345780896402927,1.093198156912944,2.3582201198751984,1.5134317228640217,6.650017080748327,0.7697418069128783,0.6417686415736779
mutant_278,R3_Skalering,308201,616666,1.1423202005399276,2.1919037964274626,1.2489766173507215,3.1272575776034355,2.006975847429548,7.989750619153934,0.7962132426803556,0.6417686415736781
mutant_279,R3_Skalering,93001,186000,7.15340041988128,1.0616505095196567,7.751774616833175,58.870163974334,20.94398967528672,34.284669171632274,0.5865236264495172,0.3557657777956556
mutant_280,R7_Forskyving,405163,810308,7.745309531443434,11.0,5.480313539505005,466.9139716210928,341.3799128723858,271.18629836123273,0.7989807277049213,0.7311409244986576
mutant_281,R7_Forskyving,102346,204688,8.887992829415062,1.14000004529953,8.703974723815918,88.19138952767267,30.232977233144254,42.58175342459822,0.5713174779113923,0.3428109863679805
mutant_282,R7_Forskyving,102346,204688,8.878975976534068,1.14000004529953,8.703974723815918,88.10191952021387,30.232977233144243,42.572193114772205,0.5709219464095208,0.3431591206841716
mutant_283,R7_Forskyving,93001,186000,8.076322280678967,1.0199999809265137,6.611443996429443,54.464074486490006,19.00517725506243,31.59458912522048,0.5814242086198034,0.348948870135978
mutant_284,R7_Forskyving,308201,616666,1.353703731149579,1.994516909122467,1.1440898776054382,3.089025487272567,1.6205926793988972,6.972436924029494,0.7940885175508909,0.5246291058704692
mutant_285,R3_Skalering,220985,442036,0.6215601260025502,0.912805189246947,0.5813111078146421,0.3298145933650284,0.2095676438984522,1.2760855622984435,0.8047317626166547,0.6354104642862463
mutant_286,R7_Forskyving,419126,838284,1.4916034713810098,1.991867184638977,1.6341159343719482,4.855082645493437,3.334856598264605,8.983462505566388,0.8374136239752298,0.6868794708077874
mutant_287,R7_Forskyving,220985,442036,0.6888820765043193,0.9399999976158142,0.5033519864082336,0.32594515108619243,0.1683650240587411,1.105468936395737,0.7854594190449414,0.516544036619888
mutant_288,R7_Forskyving,220985,442036,0.6783222652431498,0.9399999976158142,0.5033519864082336,0.3209487672429237,0.1683650240587411,1.1048738259029194,0.7860324601857517,0.5245853582958518
mutant_289,R7_Forskyving,405163,810308,8.28813452004697,11.0,5.480313539505005,499.6373341019745,341.37991287238583,271.77266692849537,0.7968067896938704,0.6832554126203692
mutant_290,R7_Forskyving,102346,204688,8.945268372569267,1.14000004529953,8.703974723815918,88.75970791334962,30.232977233144254,42.85027057615581,0.5694598175065763,0.3406160063376815
mutant_291,R7_Forskyving,220985,442036,0.6118728650813571,0.9399999976158142,0.5033519864082336,0.2895081760096191,0.1683650240587411,1.1019770210231898,0.7888391178962068,0.5815553342201536
mutant_292,R7_Forskyving,259814,550968,4.901292960421591,7.5,5.414910316467285,199.05046361561517,114.59531626339817,86.78129790362772,0.7905302753447222,0.5757098686526665
mutant_293,R3_Skalering,308201,616666,0.9631194387543157,2.150245489265877,0.9459976285050313,1.9591073832187924,1.257293684025287,5.907011513211986,0.770161267419814,0.6417686415736779
mutant_294,R7_Forskyving,419126,838284,1.52024484817017,1.991867184638977,1.6341159343719482,4.948308663037727,3.334856598264605,8.98632247189077,0.8367608526185948,0.6739386779112851
mutant_295,R3_Skalering,419126,838284,1.1578702508967877,2.229974099869447,1.7755455906823243,4.5844954165731835,3.2684950091537655,8.446000250080536,0.8200902191935328,0.7129454197593895
mutant_296,R7_Forskyving,259814,550968,4.8908962295027045,7.5,5.414910316467285,198.62823337428858,114.59531626339817,86.78050156561005,0.7906192356704793,0.5769336731070778
mutant_297,R1_Erstatning,626148,1252344,7.078845739364624,11.0,5.480313539505005,426.7372356445799,341.3825630788171,271.62939843795886,0.8013957580202625,0.7999830681828458
mutant_298,R1_Erstatning,534625,1069340,5.588150501251221,11.400000095367432,6.329685926437378,403.23211181471976,271.64428520317966,238.7802174383396,0.7876944035140323,0.673667292965985
mutant_299,R7_Forskyving,102346,204688,8.714190316435875,1.14000004529953,8.703974723815918,86.46682860405133,30.232977233144254,42.22738221702359,0.5728893507338754,0.3496482723055222
